Workbook
Name __am1: #REF!
Name __tax1: #REF!
Name __tax2: #REF!
Name __tax3: #REF!
Name __tax4: #REF!
Name _am1: #REF!
Name _tax1: #REF!
Name _tax2: #REF!
Name _tax3: #REF!
Name _tax4: #REF!
Name Área_de_muestra_2: #REF!
Name boxes: #REF!
Name button_area_1: #REF!
Name CCT: #REF!
Name celltips_area: #REF!
Name data1: #REF!
Name data10: #REF!
Name data11: #REF!
Name data12: #REF!
Name data13: #REF!
Name data14: #REF!
Name data15: #REF!
Name data16: #REF!
Name data17: #REF!
Name data18: #REF!
Name data19: #REF!
Name data2: #REF!
Name data20: #REF!
Name data21: #REF!
Name data22: #REF!
Name data23: #REF!
Name data24: #REF!
Name data25: #REF!
Name data26: #REF!
Name data27: #REF!
Name data28: #REF!
Name data29: #REF!
Name data3: #REF!
Name data30: #REF!
Name data31: #REF!
Name data32: #REF!
Name data33: #REF!
Name data34: #REF!
Name data35: #REF!
Name data36: #REF!
Name data37: #REF!
Name data38: #REF!
Name data39: #REF!
Name data4: #REF!
Name data40: #REF!
Name data41: #REF!
Name data42: #REF!
Name data43: #REF!
Name data44: #REF!
Name data45: #REF!
Name data46: #REF!
Name data47: #REF!
Name data48: #REF!
Name data49: #REF!
Name data5: #REF!

Sheet TDA SUR
A1: Ce | B1: Tienda | C1: Rut Del Empleado | D1: Dv | E1: Codigo Empleado | F1: Nombre Completo Empleado | G1: Apellido Paterno | H1: Apellido Materno | I1: Nombre Empleado | J1: Centro Costo | K1: Centro de Costo | L1: Departamento | M1: Cargo | N1: Sexo (F/M) | O1: Fecha Nacimiento | P1: Fecha Indemnizable | Q1: Fecha Inicio Contrato | R1: Fecha Termino Contrato | S1: Tipo Jornada | T1: Rut Empleado Superior | U1: Nacionalidad | V1: Codigo Situacion Contractual | W1: Situacion Contractual | X1: Mail Personal | Y1: Caracteristica sindical
A2: 116 | B2: Falabella Concepcion | C2: 10873491 | D2: 4 | E2: 84042 | F2: SEPULVEDA SAAVEDRA MOISES | G2: SEPULVEDA | H2: SAAVEDRA | I2: Moises | J2: 2710 | K2: Gerencia Pers.Adminis. Y Operaciones | L2: TDA-PREV.PERD. Y PROT.ACTIVOS | M2: Guardia | N2: M | O2: 24664 | P2: 36434 | Q2: 36434 | R2: 219516 | S2: 45 | T2: 10337169 | U2: 1 | V2: 3 | W2: INDEFINIDO | X2: Moisessepulveda84@Gmail.Con | Y2: Sindicato N° 1
A3: 116 | B3: Falabella Concepcion | C3: 13104011 | D3: 3 | E3: 301604 | F3: ROMERO VILLALOBOS GICELA ANDREA | G3: ROMERO | H3: VILLALOBOS | I3: Gicela Andrea | J3: 2710 | K3: Gerencia Pers.Adminis. Y Operaciones | L3: TDA-CAJAS | M3: Cajera(O) - Empaque | N3: F | O3: 27964 | P3: 39027 | Q3: 39027 | R3: 219516 | S3: 45 | T3: 10295876 | U3: 1 | V3: 3 | W3: INDEFINIDO | X3: Gicelaromero.23@Gmail.Com | Y3: Sindicato N° 1
A4: 116 | B4: Falabella Concepcion | C4: 13958570 | D4: 4 | E4: 119002 | F4: BURGOS RIFO PAOLA ALEJANDRA | G4: BURGOS | H4: RIFO | I4: Paola Alejandra | J4: 2710 | K4: Gerencia Pers.Adminis. Y Operaciones | L4: TDA-NIÑAS (2-6) | M4: Asesor De Clientes | N4: F | O4: 29488 | P4: 42506 | Q4: 42506 | R4: 219516 | S4: 45 | T4: 13133110 | U4: 1 | V4: 3 | W4: INDEFINIDO | X4: Paola.Burgos.Rifo@Gmail.Com | Y4: Sindicato N° 1
A5: 116 | B5: Falabella Concepcion | C5: 12971603 | D5: 7 | E5: 152501 | F5: NEIRA LABRAÑA JORGE | G5: NEIRA | H5: LABRAÑA | I5: Jorge | J5: 2710 | K5: Gerencia Pers.Adminis. Y Operaciones | L5: TDA-ZAPATILLAS | M5: Vendedor(A) | N5: M | O5: 27897 | P5: 37351 | Q5: 37351 | R5: 219516 | S5: 40 | T5: 11898996 | U5: 1 | V5: 3 | W5: INDEFINIDO | X5: J_Neira76@Live.Cl | Y5: Sindicato N° 1
A6: 116 | B6: Falabella Concepcion | C6: 12698477 | D6: 4 | E6: 465143 | F6: FUENZALIDA IBARRA GLADYS | G6: FUENZALIDA | H6: IBARRA | I6: Gladys | J6: 2710 | K6: Gerencia Pers.Adminis. Y Operaciones | L6: TDA-CAJAS | M6: Cajera(O) - Empaque | N6: F | O6: 27036 | P6: 38139 | Q6: 38139 | R6: 219516 | S6: 40 | T6: 10295876 | U6: 1 | V6: 3 | W6: INDEFINIDO | X6: Gladysfuenzalida1777@Gmail.Com | Y6: Sindicato N° 1
A7: 116 | B7: Falabella Concepcion | C7: 8572806 | D7: 7 | E7: 137537 | F7: SILVA NAVARRETE MARIA LUISA | G7: SILVA | H7: NAVARRETE | I7: Maria Luisa | J7: 2710 | K7: Gerencia Pers.Adminis. Y Operaciones | L7: TDA-PEQUEÑOS ELECTRODOMÉSTICOS | M7: Vendedor(A) | N7: F | O7: 23744 | P7: 37155 | Q7: 37848 | R7: 219516 | S7: 40 | T7: 15855315 | U7: 1 | V7: 3 | W7: INDEFINIDO | X7: Marialuisasilnavarrete@Gmail.Com | Y7: Sindicato N° 1
A8: 116 | B8: Falabella Concepcion | C8: 14030341 | D8: 0 | E8: 663794 | F8: BECERRA SANCHEZ ALEJANDRA | G8: BECERRA | H8: SANCHEZ | I8: Alejandra | J8: 2710 | K8: Gerencia Pers.Adminis. Y Operaciones | L8: TDA-ISLA CELULARES | M8: Vendedor(A) | N8: F | O8: 29809 | P8: 42037 | Q8: 42037 | R8: 219516 | S8: 45 | T8: 18145928 | U8: 1 | V8: 3 | W8: INDEFINIDO | X8: Alejabesa11@Gmail.Com | Y8: Sindicato N° 1
A9: 116 | B9: Falabella Concepcion | C9: 17344793 | D9: 0 | E9: 640034 | F9: MONCADA MONCADA EDSON | G9: MONCADA | H9: MONCADA | I9: Edson | J9: 2710 | K9: Gerencia Pers.Adminis. Y Operaciones | L9: TDA-CALZADO HOMBRES GENERICO | M9: Vendedor(A) | N9: M | O9: 32799 | P9: 40791 | Q9: 40791 | R9: 219516 | S9: 45 | T9: 9569275 | U9: 1 | V9: 3 | W9: INDEFINIDO | X9: Bknewmm1989@Gmail.Com | Y9: Sindicato N° 1
A10: 116 | B10: Falabella Concepcion | C10: 13623060 | D10: 3 | E10: 781959 | F10: HERRERA MUÑOZ PRISCILLA ISABEL | G10: HERRERA | H10: MUÑOZ | I10: Priscilla Isabel | J10: 2710 | K10: Gerencia Pers.Adminis. Y Operaciones | L10: TDA-RINCON JUVENIL DAMAS GENERICO | M10: Asesor De Clientes | N10: F | O10: 28933 | P10: 43811 | Q10: 43811 | R10: 219516 | S10: 45 | T10: 18109867 | U10: 1 | V10: 3 | W10: INDEFINIDO | X10: Priscilla.Iherrera@Gmail.Com | Y10: Sindicato N° 1
A11: 116 | B11: Falabella Concepcion | C11: 19813667 | D11: 0 | E11: 104744 | F11: ROJAS SAAVEDRA CATALINA PAZ | G11: ROJAS | H11: SAAVEDRA | I11: Catalina Paz | J11: 2710 | K11: Gerencia Pers.Adminis. Y Operaciones | L11: TDA-CAJAS | M11: Cajera(O) - Empaque | N11: F | O11: 35774 | P11: 45125 | Q11: 45125 | R11: 219516 | S11: 10 | T11: 13509559 | U11: 1 | V11: 3 | W11: INDEFINIDO | X11: Cata.R.Saavedra@Gmail.Com | Y11: Sindicato N° 1
A12: 116 | B12: Falabella Concepcion | C12: 20514042 | D12: 5 | E12: 813885 | F12: VALDES CARTES NATALIA ANAIS | G12: VALDES | H12: CARTES | I12: Natalia Anais | J12: 2710 | K12: Gerencia Pers.Adminis. Y Operaciones | L12: TDA-SPORT DAMAS GENERICO | M12: Asesor De Clientes | N12: F | O12: 36662 | P12: 44564 | Q12: 44564 | R12: 219516 | S12: 45 | T12: 18068166 | U12: 1 | V12: 3 | W12: INDEFINIDO | X12: Natyvaldes598@Gmail.Com | Y12: Sindicato N° 1
A13: 116 | B13: Falabella Concepcion | C13: 17224573 | D13: 0 | E13: 774650 | F13: VIVALLO DURAN PAMELA | G13: VIVALLO | H13: DURAN | I13: Pamela | J13: 4356 | K13: Corner Concepcion Click & Collect | L13: TDA-JEFES COMERCIALES | M13: Jefe De Ventas | N13: F | O13: 32883 | P13: 43811 | Q13: 43811 | R13: 219516 | S13: 45 | T13: 11650126 | U13: 1 | V13: 3 | W13: INDEFINIDO | X13: P.Vivalloduran@Gmail.Com | Y13: Aportante Sindicato N°1
... A26: 116 | B26: Falabella Concepcion | C26: 11900816 | D26: 6 | E26: 449075 | F26: RUBIO ORTIZ ERICA | G26: RUBIO | H26: ORTIZ | I26: Erica | J26: 2710 | K26: Gerencia Pers.Adminis. Y Operaciones | L26: TDA-CAJAS | M26: Cajera(O) - Empaque | N26: F | O26: 26176 | P26: 39027 | Q26: 39027 | R26: 219516 | S26: 45 | T26: 10295876 | U26: 1 | V26: 3 | W26: INDEFINIDO | X26: Ericarubio1971@Gmail.Com | Y26: Sindicato N° 1
A27: 116 | B27: Falabella Concepcion | C27: 13133110 | D27: K | E27: 352497 | F27: LAGOS RIFFO MARGOT ANDREA | G27: LAGOS | H27: RIFFO | I27: Margot Andrea | J27: 2710 | K27: Gerencia Pers.Adminis. Y Operaciones | L27: TDA-JEFES COMERCIALES | M27: Jefe De Ventas | N27: F | O27: 28137 | P27: 39118 | Q27: 39118 | R27: 219516 | S27: 45 | T27: 11650126 | U27: 1 | V27: 3 | W27: INDEFINIDO | X27: Margotlagosr@Gmail.Com | Y27: Aportante Sindicato N°1
A28: 116 | B28: Falabella Concepcion | C28: 18411483 | D28: 6 | E28: 593176 | F28: BAEZ VELOSO JAZMIN ANDREA | G28: BAEZ | H28: VELOSO | I28: Jazmin Andrea | J28: 2710 | K28: Gerencia Pers.Adminis. Y Operaciones | L28: TDA-CAJAS | M28: Cajera(O) - Empaque | N28: F | O28: 34132 | P28: 44905 | Q28: 44905 | R28: 219516 | S28: 10 | T28: 10295876 | U28: 1 | V28: 3 | W28: INDEFINIDO | X28: Jazminandreabaez.V@Gmail.Com | Y28: Sindicato N° 1
A29: 116 | B29: Falabella Concepcion | C29: 14206085 | D29: K | E29: 937207 | F29: ESPINOZA BURGOS LIDIA YASMINA | G29: ESPINOZA | H29: BURGOS | I29: Lidia Yasmina | J29: 2710 | K29: Gerencia Pers.Adminis. Y Operaciones | L29: TDA-CONFECCION DAMAS GENERICO | M29: Asesor De Clientes | N29: F | O29: 28965 | P29: 43083 | Q29: 43083 | R29: 219516 | S29: 45 | T29: 18068166 | U29: 1 | V29: 3 | W29: INDEFINIDO | X29: Burgosespinozalidia@Gmail.Com | Y29: Sindicato N° 1
A30: 116 | B30: Falabella Concepcion | C30: 13133825 | D30: 2 | E30: 141305 | F30: ROMERO VALDEBENITO RODRIGO | G30: ROMERO | H30: VALDEBENITO | I30: Rodrigo | J30: 2710 | K30: Gerencia Pers.Adminis. Y Operaciones | L30: TDA-ZAPATILLAS | M30: Vendedor(A) | N30: M | O30: 28070 | P30: 37300 | Q30: 37300 | R30: 219516 | S30: 40 | T30: 11898996 | U30: 1 | V30: 3 | W30: INDEFINIDO | X30: Roromerov.Rr@Gmail.Com | Y30: Sindicato N° 1
A31: 116 | B31: Falabella Concepcion | C31: 12383592 | D31: 1 | E31: 89052 | F31: SEPULVEDA RUIZ JESSICA CECILIA | G31: SEPULVEDA | H31: RUIZ | I31: Jessica Cecilia | J31: 2710 | K31: Gerencia Pers.Adminis. Y Operaciones | L31: TDA-CALZADO DAMAS GENERICO | M31: Vendedor(A) | N31: F | O31: 26712 | P31: 36528 | Q31: 36528 | R31: 219516 | S31: 40 | T31: 18410658 | U31: 1 | V31: 3 | W31: INDEFINIDO | X31: Jessicasepu1973@Gmail.Com | Y31: Sindicato N° 1
A32: 116 | B32: Falabella Concepcion | C32: 11684181 | D32: 9 | E32: 447692 | F32: ALCAMAN ZAMBRANO JAVIER | G32: ALCAMAN | H32: ZAMBRANO | I32: Javier | J32: 2710 | K32: Gerencia Pers.Adminis. Y Operaciones | L32: TDA-MANTENCION | M32: Auxiliar Mantencion | N32: M | O32: 25682 | P32: 34288 | Q32: 34288 | R32: 219516 | S32: 45 | T32: 16489827 | U32: 1 | V32: 3 | W32: INDEFINIDO | X32: Alcamanjavier@Gmail.Com | Y32: Aportante Sindicato N°1
A33: 116 | B33: Falabella Concepcion | C33: 14243235 | D33: 8 | E33: 383449 | F33: OPAZO TORRES PABLO CESAR | G33: OPAZO | H33: TORRES | I33: Pablo Cesar | J33: 2710 | K33: Gerencia Pers.Adminis. Y Operaciones | L33: TDA-ZAPATILLAS | M33: Vendedor(A) | N33: M | O33: 27278 | P33: 39142 | Q33: 39142 | R33: 219516 | S33: 40 | T33: 11898996 | U33: 1 | V33: 3 | W33: INDEFINIDO | X33: Pcopazo_74@Hotmail.Com | Y33: Sindicato N° 1
A34: 116 | B34: Falabella Concepcion | C34: 18266932 | D34: 6 | E34: 709824 | F34: ROA RIQUELME MARCELO | G34: ROA | H34: RIQUELME | I34: Marcelo | J34: 2710 | K34: Gerencia Pers.Adminis. Y Operaciones | L34: TDA-CALZADO DAMAS GENERICO | M34: Asistente De Bodega | N34: M | O34: 33952 | P34: 43563 | Q34: 43563 | R34: 219516 | S34: 45 | T34: 18410658 | U34: 1 | V34: 3 | W34: INDEFINIDO | X34: Roa.Marcelo14@Gmail.Com | Y34: Sindicato N° 1
A35: 116 | B35: Falabella Concepcion | C35: 11351878 | D35: 2 | E35: 774537 | F35: BELMAR FLORES JENNY ELIZABETH | G35: BELMAR | H35: FLORES | I35: Jenny Elizabeth | J35: 2710 | K35: Gerencia Pers.Adminis. Y Operaciones | L35: TDA-CAJAS | M35: Cajera(O) - Empaque | N35: F | O35: 25124 | P35: 45022 | Q35: 45022 | R35: 219516 | S35: 25 | T35: 10295876 | U35: 1 | V35: 3 | W35: INDEFINIDO | X35: Jenny.Elizabeth.Belmar@Gmail.Com | Y35: Sindicato N° 1
A36: 116 | B36: Falabella Concepcion | C36: 8268462 | D36: K | E36: 45667 | F36: CASTRO SILVA LUIS FERNAND | G36: CASTRO | H36: SILVA | I36: Luis Fernand | J36: 2710 | K36: Gerencia Pers.Adminis. Y Operaciones | L36: TDA-CALZADO DAMAS GENERICO | M36: Vendedor(A) | N36: M | O36: 21700 | P36: 34659 | Q36: 32832 | R36: 219516 | S36: 45 | T36: 18410658 | U36: 1 | V36: 3 | W36: INDEFINIDO | X36: Fdo.Castrosilva@Gmail.Com | Y36: Sindicato N° 1
A37: 116 | B37: Falabella Concepcion | C37: 9023864 | D37: 7 | E37: 43516 | F37: HERMOSILLA MONTANARES RAUL | G37: HERMOSILLA | H37: MONTANARES | I37: Raul | J37: 2710 | K37: Gerencia Pers.Adminis. Y Operaciones | L37: TDA-GERENCIA | M37: Gerente De Ventas | N37: M | O37: 22237 | P37: 30124 | Q37: 30124 | R37: 219516 | S37: 45 | T37: 9551422 | U37: 1 | V37: 3 | W37: INDEFINIDO | X37: Rhermosilla1970@Gmail.Com | Y37: No Sindicalizado
A38: 116 | B38: Falabella Concepcion | C38: 9106551 | D38: 7 | E38: 41734 | F38: ACEITON YAÑEZ SANDRA GIOVA | G38: ACEITON | H38: YAÑEZ | I38: Sandra Giova | J38: 2710 | K38: Gerencia Pers.Adminis. Y Operaciones | L38: TDA-TESORERIA | M38: Administrativo De Tesoreria | N38: F | O38: 23649 | P38: 31720 | Q38: 31720 | R38: 219516 | S38: 30 | T38: 10550416 | U38: 1 | V38: 3 | W38: INDEFINIDO | X38: Saceitony@Gmail.Com | Y38: Aportante Sindicato N°1
A39: 116 | B39: Falabella Concepcion | C39: 9423553 | D39: 7 | E39: 50342 | F39: DURAN MORA JOSE | G39: DURAN | H39: MORA | I39: Jose | J39: 2710 | K39: Gerencia Pers.Adminis. Y Operaciones | L39: TDA-PREV.PERD. Y PROT.ACTIVOS | M39: Guardia | N39: M | O39: 24144 | P39: 34142 | Q39: 34142 | R39: 219516 | S39: 45 | T39: 10337169 | U39: 1 | V39: 3 | W39: INDEFINIDO | X39: Josepdm0602@Gmail.Com | Y39: Sindicato N° 1
A40: 116 | B40: Falabella Concepcion | C40: 9430066 | D40: 5 | E40: 41165 | F40: ESPINOZA PANTOJA JUANA LUISA | G40: ESPINOZA | H40: PANTOJA | I40: Juana Luisa | J40: 2710 | K40: Gerencia Pers.Adminis. Y Operaciones | L40: TDA-TESORERIA | M40: Administrativo De Tesoreria | N40: F | O40: 23877 | P40: 34004 | Q40: 34004 | R40: 219516 | S40: 45 | T40: 10550416 | U40: 1 | V40: 3 | W40: INDEFINIDO | X40: Juanitaluisaesp@Gmail.Com | Y40: Aportante Sindicato N°1
A41: 116 | B41: Falabella Concepcion | C41: 9569275 | D41: 3 | E41: 437549 | F41: JARA BELMAR EDITH FABIOL | G41: JARA | H41: BELMAR | I41: Edith Fabiol | J41: 2710 | K41: Gerencia Pers.Adminis. Y Operaciones | L41: TDA-JEFES COMERCIALES | M41: Jefe De Ventas | N41: F | O41: 24230 | P41: 34871 | Q41: 32314 | R41: 219516 | S41: 45 | T41: 9023864 | U41: 1 | V41: 3 | W41: INDEFINIDO | X41: Fabiolajarabelmar@Gmail.Com | Y41: Aportante Sindicato N°1
A42: 116 | B42: Falabella Concepcion | C42: 9987263 | D42: 2 | E42: 45357 | F42: OLIVA SILVA ANA MARIA | G42: OLIVA | H42: SILVA | I42: Ana Maria | J42: 2710 | K42: Gerencia Pers.Adminis. Y Operaciones | L42: TDA-ISLA CELULARES | M42: Vendedor(A) | N42: F | O42: 23744 | P42: 31373 | Q42: 31373 | R42: 219516 | S42: 40 | T42: 18145928 | U42: 1 | V42: 3 | W42: INDEFINIDO | X42: Am.Oliva85@Gmail.Com | Y42: Sindicato N° 1
A43: 116 | B43: Falabella Concepcion | C43: 10075574 | D43: 2 | E43: 40436 | F43: OÑATE PINEDA ADELA DEL CA | G43: OÑATE | H43: PINEDA | I43: Adela Del Ca | J43: 2710 | K43: Gerencia Pers.Adminis. Y Operaciones | L43: TDA-CAJAS | M43: Cajera(O) - Empaque | N43: F | O43: 24684 | P43: 32378 | Q43: 32378 | R43: 219516 | S43: 45 | T43: 10295876 | U43: 1 | V43: 3 | W43: INDEFINIDO | X43: Adelitajaime20@Gmail.Com | Y43: Sindicato N° 1
A44: 116 | B44: Falabella Concepcion | C44: 10295876 | D44: 4 | E44: 82767 | F44: NEIRA CERDA MARIELA | G44: NEIRA | H44: CERDA | I44: Mariela | J44: 2710 | K44: Gerencia Pers.Adminis. Y Operaciones | L44: TDA-CAJAS | M44: Jefe De Cajas | N44: F | O44: 26158 | P44: 36273 | Q44: 36273 | R44: 219516 | S44: 45 | T44: 9551422 | U44: 1 | V44: 3 | W44: INDEFINIDO | X44: Marielakarina.Neiracerda@Gmail.Com | Y44: Aportante Sindicato N°1
A45: 116 | B45: Falabella Concepcion | C45: 10550416 | D45: 0 | E45: 437654 | F45: CERDA MUÑOZ MARTA IVONNE | G45: CERDA | H45: MUÑOZ | I45: Marta Ivonne | J45: 2710 | K45: Gerencia Pers.Adminis. Y Operaciones | L45: TDA-TESORERIA | M45: Encargado De Tesoreria | N45: F | O45: 24127 | P45: 31932 | Q45: 31932 | R45: 219516 | S45: 45 | T45: 9551422 | U45: 1 | V45: 3 | W45: INDEFINIDO | X45: M.Ivonnecerda@Gmail.Com | Y45: Aportante Sindicato N°1
A46: 116 | B46: Falabella Concepcion | C46: 10764369 | D46: 9 | E46: 309192 | F46: SAAVEDRA CAMUS INGRID JACQUELINE | G46: SAAVEDRA | H46: CAMUS | I46: Ingrid Jacqueline | J46: 2710 | K46: Gerencia Pers.Adminis. Y Operaciones | L46: TDA-CAJAS | M46: Cajera(O) - Empaque | N46: F | O46: 24767 | P46: 44837 | Q46: 44837 | R46: 219516 | S46: 30 | T46: 10295876 | U46: 1 | V46: 3 | W46: INDEFINIDO | X46: Saavedraingridca@Gmail.Com | Y46: Sindicato N° 1
A47: 116 | B47: Falabella Concepcion | C47: 10790058 | D47: 6 | E47: 33545 | F47: CARVAJAL WITT ALEJANDRO WE | G47: CARVAJAL | H47: WITT | I47: Alejandro We | J47: 2710 | K47: Gerencia Pers.Adminis. Y Operaciones | L47: TDA-ZAPATILLAS | M47: Vendedor(A) | N47: M | O47: 25952 | P47: 34582 | Q47: 34582 | R47: 219516 | S47: 40 | T47: 11898996 | U47: 1 | V47: 3 | W47: INDEFINIDO | X47: Acarvajalw@Hotmail.Com | Y47: Sindicato N° 1
A48: 116 | B48: Falabella Concepcion | C48: 10838293 | D48: 7 | E48: 45993 | F48: ANTINAO ROCHA RICARDO | G48: ANTINAO | H48: ROCHA | I48: Ricardo | J48: 2710 | K48: Gerencia Pers.Adminis. Y Operaciones | L48: TDA-JEFES COMERCIALES | M48: Jefe De Ventas | N48: M | O48: 25274 | P48: 32844 | Q48: 32844 | R48: 219516 | S48: 45 | T48: 9023864 | U48: 1 | V48: 3 | W48: INDEFINIDO | X48: Rantinao@Hotmail.Es | Y48: Aportante Sindicato N°1
... A55: 116 | B55: Falabella Concepcion | C55: 12524396 | D55: 7 | E55: 437883 | F55: PINO TORO XIMENA ALEJA | G55: PINO | H55: TORO | I55: Ximena Aleja | J55: 2710 | K55: Gerencia Pers.Adminis. Y Operaciones | L55: TDA-AUDIO/VIDEO | M55: Vendedor(A) | N55: F | O55: 26822 | P55: 33482 | Q55: 33482 | R55: 219516 | S55: 40 | T55: 10838293 | U55: 1 | V55: 3 | W55: INDEFINIDO | X55: Ximepino1973@Gmail.Com | Y55: Sindicato N° 1
A56: 116 | B56: Falabella Concepcion | C56: 12528275 | D56: K | E56: 437891 | F56: ORMEÑO GARRIDO SILVIA | G56: ORMEÑO | H56: GARRIDO | I56: Silvia | J56: 2710 | K56: Gerencia Pers.Adminis. Y Operaciones | L56: TDA-COLCHONES | M56: Vendedor(A) | N56: F | O56: 26879 | P56: 34382 | Q56: 34382 | R56: 219516 | S56: 40 | T56: 11679521 | U56: 1 | V56: 3 | W56: INDEFINIDO | X56: Chivi_Marcela@Hotmail.Com | Y56: Sindicato N° 1
A57: 116 | B57: Falabella Concepcion | C57: 13509559 | D57: 1 | E57: 90476 | F57: RIVAS BRAVO NATALIA | G57: RIVAS | H57: BRAVO | I57: Natalia | J57: 2710 | K57: Gerencia Pers.Adminis. Y Operaciones | L57: TDA-JEFES COMERCIALES | M57: Jefe De Ventas | N57: F | O57: 28640 | P57: 35332 | Q57: 35332 | R57: 219516 | S57: 45 | T57: 9023864 | U57: 1 | V57: 3 | W57: INDEFINIDO | X57: Nataliarivasb@Gmail.Com | Y57: Aportante Sindicato N°1
A58: 116 | B58: Falabella Concepcion | C58: 13796532 | D58: 1 | E58: 49484 | F58: AGUILERA VIELMA ALEJANDRA | G58: AGUILERA | H58: VIELMA | I58: Alejandra | J58: 2710 | K58: Gerencia Pers.Adminis. Y Operaciones | L58: TDA-CAJAS | M58: Cajera(O) - Empaque | N58: F | O58: 27012 | P58: 34431 | Q58: 34431 | R58: 219516 | S58: 45 | T58: 10295876 | U58: 1 | V58: 3 | W58: INDEFINIDO | X58: Aleaguileravielma@Gmail.Com | Y58: Sindicato N° 1
A59: 116 | B59: Falabella Concepcion | C59: 14321135 | D59: 5 | E59: 367117 | F59: PONCE CONTRERAS CHRISTIAN | G59: PONCE | H59: CONTRERAS | I59: Christian | J59: 2710 | K59: Gerencia Pers.Adminis. Y Operaciones | L59: TDA-ATENCION DE CLIENTES | M59: Encargado Técnico | N59: M | O59: 28023 | P59: 37589 | Q59: 37589 | R59: 219516 | S59: 45 | T59: 9023864 | U59: 1 | V59: 3 | W59: INDEFINIDO | X59: Chponce30@Gmail.Com | Y59: Sindicato N° 1
A60: 116 | B60: Falabella Concepcion | C60: 11678003 | D60: 8 | E60: 377198 | F60: BRAVO PAREDES PEDRO | G60: BRAVO | H60: PAREDES | I60: Pedro | J60: 2710 | K60: Gerencia Pers.Adminis. Y Operaciones | L60: TDA-APPLE | M60: Vendedor(A) | N60: M | O60: 25854 | P60: 37602 | Q60: 37602 | R60: 219516 | S60: 40 | T60: 10838293 | U60: 1 | V60: 3 | W60: INDEFINIDO | X60: Prbp@Hotmail.Com | Y60: Sindicato N° 1
A61: 116 | B61: Falabella Concepcion | C61: 14279914 | D61: 6 | E61: 685003 | F61: SAAVEDRA CAMUS MARISEL ALEJANDRA | G61: SAAVEDRA | H61: CAMUS | I61: Marisel Alejandra | J61: 2710 | K61: Gerencia Pers.Adminis. Y Operaciones | L61: TDA-CAJAS | M61: Cajera(O) - Empaque | N61: F | O61: 26594 | P61: 41883 | Q61: 41883 | R61: 219516 | S61: 45 | T61: 10295876 | U61: 1 | V61: 3 | W61: INDEFINIDO | X61: Marizelsaavedra@Gmail.Com | Y61: Sindicato N° 1
A62: 116 | B62: Falabella Concepcion | C62: 15194680 | D62: 1 | E62: 358150 | F62: GUTIERREZ ZAMBRANO JENOVEVA EUNICE | G62: GUTIERREZ | H62: ZAMBRANO | I62: Jenoveva Eunice | J62: 2710 | K62: Gerencia Pers.Adminis. Y Operaciones | L62: TDA-SPORT DAMAS GENERICO | M62: Asesor De Clientes | N62: F | O62: 30384 | P62: 40343 | Q62: 40343 | R62: 219516 | S62: 45 | T62: 18068166 | U62: 1 | V62: 3 | W62: INDEFINIDO | X62: Jenoveva3581@Gmail.Com | Y62: Sindicato N° 1
A63: 116 | B63: Falabella Concepcion | C63: 16489827 | D63: K | E63: 139068 | F63: CORTES PEREZ HECTOR | G63: CORTES | H63: PEREZ | I63: Hector | J63: 2710 | K63: Gerencia Pers.Adminis. Y Operaciones | L63: TDA-MANTENCION | M63: Jefe De Mantencion | N63: M | O63: 31594 | P63: 39860 | Q63: 39860 | R63: 219516 | S63: 45 | T63: 9551422 | U63: 1 | V63: 3 | W63: INDEFINIDO | X63: Hocortesp@Gmail.Com | Y63: Sindicato N° 1
A64: 116 | B64: Falabella Concepcion | C64: 19089136 | D64: 4 | E64: 822140 | F64: SANDOVAL GONZALEZ NICOLE ANDREA | G64: SANDOVAL | H64: GONZALEZ | I64: Nicole Andrea | J64: 2710 | K64: Gerencia Pers.Adminis. Y Operaciones | L64: TDA-DEPORTES GENERICO | M64: Asesor De Clientes | N64: F | O64: 34879 | P64: 44397 | Q64: 44397 | R64: 219516 | S64: 45 | T64: 11898996 | U64: 1 | V64: 3 | W64: INDEFINIDO | X64: Nicole.Sandovalgon@Gmail.Com | Y64: Sindicato N° 1
A65: 116 | B65: Falabella Concepcion | C65: 12379720 | D65: 5 | E65: 34584 | F65: DIAZ ROJAS ANA MARIA | G65: DIAZ | H65: ROJAS | I65: Ana Maria | J65: 2710 | K65: Gerencia Pers.Adminis. Y Operaciones | L65: TDA-COLCHONES | M65: Vendedor(A) | N65: F | O65: 26686 | P65: 35552 | Q65: 35552 | R65: 219516 | S65: 40 | T65: 11679521 | U65: 1 | V65: 3 | W65: INDEFINIDO | X65: Anamariadiazrojaz3@Gmail.Com | Y65: Sindicato N° 1
A66: 116 | B66: Falabella Concepcion | C66: 10040866 | D66: K | E66: 54615 | F66: INZUNZA UYARTE PATRICIA | G66: INZUNZA | H66: UYARTE | I66: Patricia | J66: 2710 | K66: Gerencia Pers.Adminis. Y Operaciones | L66: TDA-CAJAS | M66: Cajera(O) - Empaque | N66: F | O66: 25647 | P66: 32568 | Q66: 32568 | R66: 219516 | S66: 45 | T66: 10295876 | U66: 1 | V66: 3 | W66: INDEFINIDO | X66: Patricia.Ireneinzunza@Gmal.Com | Y66: Sindicato N° 1
A67: 116 | B67: Falabella Concepcion | C67: 10840103 | D67: 6 | E67: 441252 | F67: FIGUEROA ZUÑIGA ERWIN MAURIC | G67: FIGUEROA | H67: ZUÑIGA | I67: Erwin Mauric | J67: 2710 | K67: Gerencia Pers.Adminis. Y Operaciones | L67: TDA-ABASTECIMIENTO Y LOGISTICA | M67: Jefe De Abastecimiento Y Logistica | N67: M | O67: 24736 | P67: 34166 | Q67: 34166 | R67: 219516 | S67: 45 | T67: 15855315 | U67: 1 | V67: 3 | W67: INDEFINIDO | X67: E.Figueroa.Zuniga1967@Gmail.Com | Y67: Aportante Sindicato N°1
A68: 116 | B68: Falabella Concepcion | C68: 8675325 | D68: 1 | E68: 249033 | F68: AEDO URREA CLARA ROSA | G68: AEDO | H68: URREA | I68: Clara Rosa | J68: 2710 | K68: Gerencia Pers.Adminis. Y Operaciones | L68: TDA-LINEA BLANCA | M68: Vendedor(A) | N68: F | O68: 23587 | P68: 42583 | Q68: 42583 | R68: 219516 | S68: 45 | T68: 15855315 | U68: 1 | V68: 3 | W68: INDEFINIDO | X68: Aedocr@Gmail.Com | Y68: Sindicato N° 1
A69: 116 | B69: Falabella Concepcion | C69: 10644378 | D69: 5 | E69: 48437 | F69: REYES MUNOZ MARIA IGNACI | G69: REYES | H69: MUNOZ | I69: Maria Ignaci | J69: 2710 | K69: Gerencia Pers.Adminis. Y Operaciones | L69: TDA-PICK UP IN STORE | M69: Encargado De Click And Collect | N69: F | O69: 26119 | P69: 33589 | Q69: 33589 | R69: 219516 | S69: 45 | T69: 11965034 | U69: 1 | V69: 3 | W69: INDEFINIDO | X69: Mariaignaciareyes08@Gmail.Com | Y69: Aportante Sindicato N°1
A70: 116 | B70: Falabella Concepcion | C70: 8847727 | D70: 8 | E70: 124095 | F70: FLORES REYES JUAN PABLO | G70: FLORES | H70: REYES | I70: Juan Pablo | J70: 2710 | K70: Gerencia Pers.Adminis. Y Operaciones | L70: TDA-AUDIO/VIDEO | M70: Vendedor(A) | N70: M | O70: 22333 | P70: 37077 | Q70: 37077 | R70: 219516 | S70: 40 | T70: 10838293 | U70: 1 | V70: 3 | W70: INDEFINIDO | X70: Juanpablo.Agustina@Gmail.Com | Y70: Aportante Sindicato N°1
A71: 116 | B71: Falabella Concepcion | C71: 11679743 | D71: 7 | E71: 52213 | F71: HUENCHUCOY BEBRAÑEZ MARIO ANTONI | G71: HUENCHUCOY | H71: BEBRAÑEZ | I71: Mario Antoni | J71: 2710 | K71: Gerencia Pers.Adminis. Y Operaciones | L71: TDA-ATENCION DE CLIENTES | M71: Encargado Técnico | N71: M | O71: 25675 | P71: 33914 | Q71: 33914 | R71: 219516 | S71: 45 | T71: 9023864 | U71: 1 | V71: 3 | W71: INDEFINIDO | X71: Mhuenchucoy@Gmail.Com | Y71: Sindicato N° 1
A72: 116 | B72: Falabella Concepcion | C72: 12920733 | D72: 7 | E72: 448044 | F72: SAEZ MUÑOZ MARCELA | G72: SAEZ | H72: MUÑOZ | I72: Marcela | J72: 2710 | K72: Gerencia Pers.Adminis. Y Operaciones | L72: TDA-CAJAS | M72: Cajera(O) - Empaque | N72: F | O72: 27472 | P72: 35921 | Q72: 35921 | R72: 219516 | S72: 40 | T72: 10295876 | U72: 1 | V72: 3 | W72: INDEFINIDO | X72: Marcelasaez.M@Hotmail.Es | Y72: Sindicato N° 1
A73: 116 | B73: Falabella Concepcion | C73: 12974394 | D73: 8 | E73: 215058 | F73: PARRA FUENTEALBA BERNARDITA | G73: PARRA | H73: FUENTEALBA | I73: Bernardita | J73: 2710 | K73: Gerencia Pers.Adminis. Y Operaciones | L73: TDA-CONFECCION DAMAS GENERICO | M73: Asesor De Clientes | N73: F | O73: 27961 | P73: 42694 | Q73: 43059 | R73: 219516 | S73: 45 | T73: 18068166 | U73: 1 | V73: 3 | W73: INDEFINIDO | X73: Berni.Parraf@Gmail.Com | Y73: Sindicato N° 1
A74: 116 | B74: Falabella Concepcion | C74: 15613398 | D74: 1 | E74: 316695 | F74: SALAMANCA SANDOVAL LEANDRO | G74: SALAMANCA | H74: SANDOVAL | I74: Leandro | J74: 2710 | K74: Gerencia Pers.Adminis. Y Operaciones | L74: TDA-ISLA CELULARES | M74: Vendedor(A) | N74: M | O74: 30536 | P74: 39090 | Q74: 39090 | R74: 219516 | S74: 40 | T74: 18145928 | U74: 1 | V74: 3 | W74: INDEFINIDO | X74: Leandrosalamanca0810@Gmail.Com | Y74: Sindicato N° 1
A75: 116 | B75: Falabella Concepcion | C75: 17605109 | D75: 4 | E75: 500917 | F75: JARAMILLO LARA CESAR | G75: JARAMILLO | H75: LARA | I75: Cesar | J75: 2710 | K75: Gerencia Pers.Adminis. Y Operaciones | L75: TDA-ABASTECIMIENTO Y LOGISTICA | M75: Encargado De Abastecimiento | N75: M | O75: 33149 | P75: 40336 | Q75: 40336 | R75: 219516 | S75: 45 | T75: 10840103 | U75: 1 | V75: 3 | W75: INDEFINIDO | X75: Jaramillo.Real@Gmail.Com | Y75: Sindicato N° 1
A76: 116 | B76: Falabella Concepcion | C76: 17207137 | D76: 6 | E76: 560928 | F76: REYES PEREZ CRISTIAN ALEXIS | G76: REYES | H76: PEREZ | I76: Cristian Alexis | J76: 2710 | K76: Gerencia Pers.Adminis. Y Operaciones | L76: TDA-LINEA BLANCA | M76: Vendedor(A) | N76: M | O76: 32595 | P76: 40315 | Q76: 40315 | R76: 219516 | S76: 40 | T76: 15855315 | U76: 1 | V76: 3 | W76: INDEFINIDO | X76: Patricio.Cristian@Gmail.Com | Y76: Sindicato N° 1
A77: 116 | B77: Falabella Concepcion | C77: 8764808 | D77: 7 | E77: 372714 | F77: ALVAREZ CISTERNAS PEDRO HUGO | G77: ALVAREZ | H77: CISTERNAS | I77: Pedro Hugo | J77: 2710 | K77: Gerencia Pers.Adminis. Y Operaciones | L77: TDA-PREV.PERD. Y PROT.ACTIVOS | M77: Encargado De Seguridad | N77: M | O77: 23423 | P77: 40504 | Q77: 40504 | R77: 219516 | S77: 45 | T77: 10337169 | U77: 1 | V77: 3 | W77: INDEFINIDO | X77: Pedro.Alvarez.Cisternas@Gmail.Com | Y77: Sindicato N° 1
A78: 116 | B78: Falabella Concepcion | C78: 17396890 | D78: 6 | E78: 333263 | F78: VIGUERAS SANCHEZ OMAR | G78: VIGUERAS | H78: SANCHEZ | I78: Omar | J78: 2710 | K78: Gerencia Pers.Adminis. Y Operaciones | L78: TDA-COMPUTACION | M78: Vendedor(A) | N78: M | O78: 32881 | P78: 40581 | Q78: 40581 | R78: 219516 | S78: 45 | T78: 10838293 | U78: 1 | V78: 3 | W78: INDEFINIDO | X78: O.Vigueras@Gmail.Com | Y78: Sindicato N° 1
... A82: 116 | B82: Falabella Concepcion | C82: 15928551 | D82: 0 | E82: 493597 | F82: GODOY POBLETE MITZI VALENTINA | G82: GODOY | H82: POBLETE | I82: Mitzi Valentina | J82: 2710 | K82: Gerencia Pers.Adminis. Y Operaciones | L82: TDA-RINCON JUVENIL HOMBRES GENERICO | M82: Asesor De Clientes | N82: F | O82: 30979 | P82: 40833 | Q82: 40833 | R82: 219516 | S82: 45 | T82: 13509559 | U82: 1 | V82: 3 | W82: INDEFINIDO | X82: Valentinagodoy1984@Gmail.Com | Y82: Sindicato N° 1
A83: 116 | B83: Falabella Concepcion | C83: 14559992 | D83: K | E83: 420360 | F83: MONTECINOS CAULLAN CECILIA PAOLA | G83: MONTECINOS | H83: CAULLAN | I83: Cecilia Paola | J83: 2710 | K83: Gerencia Pers.Adminis. Y Operaciones | L83: TDA-ROPA INTERIOR Y ACCESORIOS HOMBRES | M83: Asesor De Clientes | N83: F | O83: 27725 | P83: 42681 | Q83: 42681 | R83: 219516 | S83: 45 | T83: 9569275 | U83: 1 | V83: 3 | W83: INDEFINIDO | X83: Paolaceciliamontecinos@Gmail.Com | Y83: Sindicato N° 1
A84: 116 | B84: Falabella Concepcion | C84: 10297394 | D84: 1 | E84: 384321 | F84: GARRIDO FUENTES SANDRA ELVIRA | G84: GARRIDO | H84: FUENTES | I84: Sandra Elvira | J84: 2710 | K84: Gerencia Pers.Adminis. Y Operaciones | L84: TDA-CAJAS | M84: Cajera(O) - Empaque | N84: F | O84: 25428 | P84: 42681 | Q84: 42681 | R84: 219516 | S84: 45 | T84: 10295876 | U84: 1 | V84: 3 | W84: INDEFINIDO | X84: Sandragarridofuentes@Hotmail.Com | Y84: Sindicato N° 1
A85: 116 | B85: Falabella Concepcion | C85: 17540773 | D85: 1 | E85: 169781 | F85: ESPINOZA QUERO MELANY DEL CARMEN | G85: ESPINOZA | H85: QUERO | I85: Melany Del Carmen | J85: 2710 | K85: Gerencia Pers.Adminis. Y Operaciones | L85: TDA-CALZADO DAMAS GENERICO | M85: Vendedor(A) | N85: F | O85: 33109 | P85: 42738 | Q85: 42738 | R85: 219516 | S85: 45 | T85: 18410658 | U85: 1 | V85: 3 | W85: INDEFINIDO | X85: Melanycristian2803@Gmail.Com | Y85: Sindicato N° 1
A86: 116 | B86: Falabella Concepcion | C86: 8751638 | D86: 5 | E86: 513253 | F86: PARADA ROSALES PATRICIA ANGELICA | G86: PARADA | H86: ROSALES | I86: Patricia Angelica | J86: 2710 | K86: Gerencia Pers.Adminis. Y Operaciones | L86: TDA-CALZADO INFANTIL GENERICO | M86: Vendedor(A) | N86: F | O86: 22922 | P86: 41015 | Q86: 41015 | R86: 219516 | S86: 40 | T86: 11898996 | U86: 1 | V86: 3 | W86: INDEFINIDO | X86: Pparadarosales@Gmail.Com | Y86: Sindicato N° 1
A87: 116 | B87: Falabella Concepcion | C87: 17222503 | D87: 9 | E87: 863548 | F87: GILLI ULLOA BRAYAN | G87: GILLI | H87: ULLOA | I87: Brayan | J87: 4356 | K87: Corner Concepcion Click & Collect | L87: TDA-PICK UP IN STORE | M87: Asesor De Clientes | N87: M | O87: 32695 | P87: 41347 | Q87: 41347 | R87: 219516 | S87: 45 | T87: 11965034 | U87: 1 | V87: 3 | W87: INDEFINIDO | X87: Brayangilliulloa@Gmail.Com | Y87: Sindicato N° 1
A88: 116 | B88: Falabella Concepcion | C88: 15809191 | D88: 7 | E88: 834203 | F88: CUEVAS FLORES MARTA | G88: CUEVAS | H88: FLORES | I88: Marta | J88: 2710 | K88: Gerencia Pers.Adminis. Y Operaciones | L88: TDA-CALZADO INFANTIL GENERICO | M88: Vendedor(A) | N88: F | O88: 30866 | P88: 41001 | Q88: 41001 | R88: 219516 | S88: 45 | T88: 11898996 | U88: 1 | V88: 3 | W88: INDEFINIDO | X88: Martitabichitobastian@Gmail.Com | Y88: Sindicato N° 1
A89: 116 | B89: Falabella Concepcion | C89: 18068166 | D89: 3 | E89: 230898 | F89: ZAMBRANO FERNANDEZ JOSCELYN | G89: ZAMBRANO | H89: FERNANDEZ | I89: Joscelyn | J89: 2710 | K89: Gerencia Pers.Adminis. Y Operaciones | L89: TDA-JEFES COMERCIALES | M89: Jefe De Ventas | N89: F | O89: 33714 | P89: 40945 | Q89: 40945 | R89: 219516 | S89: 45 | T89: 11650126 | U89: 1 | V89: 3 | W89: INDEFINIDO | X89: Jo.Zambranof@Gmail.Com | Y89: Aportante Sindicato N°1
A90: 116 | B90: Falabella Concepcion | C90: 13573776 | D90: 3 | E90: 233366 | F90: NAVARRO NAVARRO KARIS ANDREA | G90: NAVARRO | H90: NAVARRO | I90: Karis Andrea | J90: 2710 | K90: Gerencia Pers.Adminis. Y Operaciones | L90: TDA-CAMISERIA | M90: Asesor De Clientes | N90: F | O90: 28963 | P90: 42738 | Q90: 42738 | R90: 219516 | S90: 45 | T90: 9569275 | U90: 1 | V90: 3 | W90: INDEFINIDO | X90: Karisnavarro@Gmail.Com | Y90: Sindicato N° 1
A91: 116 | B91: Falabella Concepcion | C91: 12009270 | D91: 7 | E91: 865559 | F91: PINTO HORMAZABAL ROSA ANGELICA | G91: PINTO | H91: HORMAZABAL | I91: Rosa Angelica | J91: 2710 | K91: Gerencia Pers.Adminis. Y Operaciones | L91: TDA-CAJAS | M91: Cajera(O) - Empaque | N91: F | O91: 27000 | P91: 41036 | Q91: 41036 | R91: 219516 | S91: 45 | T91: 10295876 | U91: 1 | V91: 3 | W91: INDEFINIDO | X91: Rossy.Ange73@Gmail.Com | Y91: Sindicato N° 1
A92: 116 | B92: Falabella Concepcion | C92: 13957377 | D92: 3 | E92: 201987 | F92: CAIGUAN GAETE MARCELA ALEJANDRA | G92: CAIGUAN | H92: GAETE | I92: Marcela Alejandra | J92: 2710 | K92: Gerencia Pers.Adminis. Y Operaciones | L92: TDA-CONFECCION DAMAS GENERICO | M92: Asesor De Clientes | N92: F | O92: 29543 | P92: 41036 | Q92: 41036 | R92: 219516 | S92: 30 | T92: 18068166 | U92: 1 | V92: 3 | W92: INDEFINIDO | X92: Marcelacaiguan00@Gmail.Com | Y92: Sindicato N° 1
A93: 116 | B93: Falabella Concepcion | C93: 11571471 | D93: 6 | E93: 672807 | F93: ARAVENA MUÑOZ ALEJANDRA | G93: ARAVENA | H93: MUÑOZ | I93: Alejandra | J93: 2710 | K93: Gerencia Pers.Adminis. Y Operaciones | L93: TDA-CAJAS | M93: Cajera(O) - Empaque | N93: F | O93: 25924 | P93: 41198 | Q93: 41198 | R93: 219516 | S93: 45 | T93: 10295876 | U93: 1 | V93: 3 | W93: INDEFINIDO | X93: Jannyaravena.22@Gmail.Com | Y93: Sindicato N° 1
A94: 116 | B94: Falabella Concepcion | C94: 16154929 | D94: 0 | E94: 226122 | F94: GANGAS RAMIREZ GERMANIA PATRICIA | G94: GANGAS | H94: RAMIREZ | I94: Germania Patricia | J94: 2710 | K94: Gerencia Pers.Adminis. Y Operaciones | L94: TDA-DEPORTES GENERICO | M94: Asesor De Clientes | N94: F | O94: 31552 | P94: 41505 | Q94: 41505 | R94: 219516 | S94: 30 | T94: 11898996 | U94: 1 | V94: 3 | W94: INDEFINIDO | X94: Geganraz.30@Gmail.Com | Y94: Sindicato N° 1
A95: 116 | B95: Falabella Concepcion | C95: 13133570 | D95: 9 | E95: 831891 | F95: VIVES SALAZAR CRISTIAN | G95: VIVES | H95: SALAZAR | I95: Cristian | J95: 2710 | K95: Gerencia Pers.Adminis. Y Operaciones | L95: TDA-ISLA CELULARES | M95: Vendedor(A) Jornada Parcial | N95: M | O95: 28384 | P95: 41519 | Q95: 41519 | R95: 219516 | S95: 30 | T95: 18145928 | U95: 1 | V95: 3 | W95: INDEFINIDO | X95: Vivessalazar@Gmail.Com | Y95: Sindicato N° 1
... A98: 116 | B98: Falabella Concepcion | C98: 14243177 | D98: 7 | E98: 309745 | F98: SOTO FUENTES CARMEN GLORIA | G98: SOTO | H98: FUENTES | I98: Carmen Gloria | J98: 2710 | K98: Gerencia Pers.Adminis. Y Operaciones | L98: TDA-ISLA CELULARES | M98: Vendedor(A) | N98: F | O98: 27263 | P98: 41309 | Q98: 41309 | R98: 219516 | S98: 45 | T98: 18145928 | U98: 1 | V98: 3 | W98: INDEFINIDO | X98: Cg.Sotofuentes@Gmail.Com | Y98: Sindicato N° 1
A99: 116 | B99: Falabella Concepcion | C99: 15651053 | D99: K | E99: 323039 | F99: SALAZAR HEISSE FELIPE | G99: SALAZAR | H99: HEISSE | I99: Felipe | J99: 2710 | K99: Gerencia Pers.Adminis. Y Operaciones | L99: TDA-ISLA CELULARES | M99: Vendedor(A) | N99: M | O99: 30424 | P99: 41491 | Q99: 41491 | R99: 219516 | S99: 45 | T99: 18145928 | U99: 1 | V99: 3 | W99: INDEFINIDO | X99: Salazarheisse@Hotmail.Com | Y99: Sindicato N° 1
A100: 116 | B100: Falabella Concepcion | C100: 11570798 | D100: 1 | E100: 803391 | F100: ALUCEMA CABEZAS ADRIANA | G100: ALUCEMA | H100: CABEZAS | I100: Adriana | J100: 2710 | K100: Gerencia Pers.Adminis. Y Operaciones | L100: TDA-CAJAS | M100: Cajera(O) - Empaque | N100: F | O100: 25815 | P100: 41610 | Q100: 41610 | R100: 219516 | S100: 45 | T100: 10295876 | U100: 1 | V100: 3 | W100: INDEFINIDO | X100: Adrialucema@Gmail.Com | Y100: Sindicato N° 1
A101: 116 | B101: Falabella Concepcion | C101: 7298054 | D101: 9 | E101: 395706 | F101: SAN MARTIN SALAZAR JOVITA LEONILA | G101: SAN MARTIN | H101: SALAZAR | I101: Jovita Leonila | J101: 2710 | K101: Gerencia Pers.Adminis. Y Operaciones | L101: TDA-TEXTIL | M101: Asesor De Clientes | N101: F | O101: 21232 | P101: 41568 | Q101: 41568 | R101: 219516 | S101: 45 | T101: 11679521 | U101: 1 | V101: 3 | W101: INDEFINIDO | X101: Jovitaleonila62@Gmail.Com | Y101: Sindicato N° 1
A102: 116 | B102: Falabella Concepcion | C102: 11242809 | D102: 7 | E102: 510521 | F102: HUENCHUCAN HENRIQUEZ LUCRECIA | G102: HUENCHUCAN | H102: HENRIQUEZ | I102: Lucrecia | J102: 2710 | K102: Gerencia Pers.Adminis. Y Operaciones | L102: TDA-RINCON JUVENIL HOMBRES GENERICO | M102: Asesor De Clientes | N102: F | O102: 24871 | P102: 41568 | Q102: 41568 | R102: 219516 | S102: 45 | T102: 13509559 | U102: 1 | V102: 3 | W102: INDEFINIDO | X102: Lucrecia.Huenchucfn@Gmail.Com | Y102: Sindicato N° 1
A103: 116 | B103: Falabella Concepcion | C103: 17207551 | D103: 7 | E103: 454516 | F103: NAVARRO LAGOS JENECIS | G103: NAVARRO | H103: LAGOS | I103: Jenecis | J103: 2710 | K103: Gerencia Pers.Adminis. Y Operaciones | L103: TDA-SPORT DAMAS GENERICO | M103: Asesor De Clientes | N103: F | O103: 32631 | P103: 41617 | Q103: 41617 | R103: 219516 | S103: 45 | T103: 18068166 | U103: 1 | V103: 3 | W103: INDEFINIDO | X103: Jenecisnavarro0@Gmail.Com | Y103: Sindicato N° 1
A104: 116 | B104: Falabella Concepcion | C104: 11965034 | D104: 8 | E104: 318329 | F104: ORTIZ MORA CAROLINA MARCELA | G104: ORTIZ | H104: MORA | I104: Carolina Marcela | J104: 4356 | K104: Corner Concepcion Click & Collect | L104: TDA-PICK UP IN STORE | M104: Jefe De Click And Collect | N104: F | O104: 26540 | P104: 41855 | Q104: 41855 | R104: 219516 | S104: 45 | T104: 9551422 | U104: 1 | V104: 3 | W104: INDEFINIDO | X104: Ortizmoracarolina@Gmail.Com | Y104: Aportante Sindicato N°1
A105: 116 | B105: Falabella Concepcion | C105: 16895125 | D105: 6 | E105: 531871 | F105: MUÑOZ ESPINOZA MICHELLE NICOLE | G105: MUÑOZ | H105: ESPINOZA | I105: Michelle Nicole | J105: 2710 | K105: Gerencia Pers.Adminis. Y Operaciones | L105: TDA-CAMISERIA | M105: Asesor De Clientes | N105: F | O105: 32152 | P105: 42261 | Q105: 42261 | R105: 219516 | S105: 45 | T105: 9569275 | U105: 1 | V105: 3 | W105: INDEFINIDO | X105: M.Munoze@Hotmail.Com | Y105: Sindicato N° 1
A106: 116 | B106: Falabella Concepcion | C106: 18388044 | D106: 6 | E106: 265543 | F106: GATICA QUEZADA CAMILA | G106: GATICA | H106: QUEZADA | I106: Camila | J106: 2710 | K106: Gerencia Pers.Adminis. Y Operaciones | L106: TDA-NIÑAS (2-6) | M106: Asesor De Clientes | N106: F | O106: 34140 | P106: 42037 | Q106: 42037 | R106: 219516 | S106: 45 | T106: 18109867 | U106: 1 | V106: 3 | W106: INDEFINIDO | X106: G.Gatica.Quezada@Gmail.Com | Y106: Sindicato N° 1
A107: 116 | B107: Falabella Concepcion | C107: 14025490 | D107: 8 | E107: 332240 | F107: SAEZ RIVERA PATRICIA | G107: SAEZ | H107: RIVERA | I107: Patricia | J107: 2710 | K107: Gerencia Pers.Adminis. Y Operaciones | L107: TDA-MENAJE | M107: Asesor De Clientes | N107: F | O107: 29610 | P107: 42191 | Q107: 42191 | R107: 219516 | S107: 45 | T107: 11679521 | U107: 1 | V107: 3 | W107: INDEFINIDO | X107: Patricia.Soledad.Sr@Gmail.Com | Y107: Sindicato N° 1
A108: 116 | B108: Falabella Concepcion | C108: 12974874 | D108: 5 | E108: 673102 | F108: ROBLES CEA ADRIANA ELIZABETH | G108: ROBLES | H108: CEA | I108: Adriana Elizabeth | J108: 2710 | K108: Gerencia Pers.Adminis. Y Operaciones | L108: TDA-ISLA CUIDADO PERSONAL | M108: Vendedor(A) | N108: F | O108: 28066 | P108: 42324 | Q108: 42324 | R108: 219516 | S108: 45 | T108: 15855315 | U108: 1 | V108: 3 | W108: INDEFINIDO | X108: Adriroblescea@Hotmail.Com | Y108: Sindicato N° 1
A109: 116 | B109: Falabella Concepcion | C109: 16062539 | D109: 2 | E109: 407402 | F109: BASCUÑAN BASCUÑAN VIVIANA CARMEN | G109: BASCUÑAN | H109: BASCUÑAN | I109: Viviana Carmen | J109: 2710 | K109: Gerencia Pers.Adminis. Y Operaciones | L109: TDA-RINCON JUVENIL DAMAS GENERICO | M109: Asesor De Clientes | N109: F | O109: 31264 | P109: 42478 | Q109: 42478 | R109: 219516 | S109: 45 | T109: 18109867 | U109: 1 | V109: 3 | W109: INDEFINIDO | X109: Viviana.Bascunan@Gmail.Com | Y109: Sindicato N° 1
A110: 116 | B110: Falabella Concepcion | C110: 18410658 | D110: 2 | E110: 453110 | F110: NAVARRETE GUTIERREZ SILVANA SOLEDAD | G110: NAVARRETE | H110: GUTIERREZ | I110: Silvana Soledad | J110: 2710 | K110: Gerencia Pers.Adminis. Y Operaciones | L110: TDA-JEFES COMERCIALES | M110: Jefe De Ventas | N110: F | O110: 34130 | P110: 42317 | Q110: 42317 | R110: 219516 | S110: 45 | T110: 11650126 | U110: 1 | V110: 3 | W110: INDEFINIDO | X110: Silvana.Soledad.Ng@Gmail.Com | Y110: Sindicato N° 1
A111: 116 | B111: Falabella Concepcion | C111: 8164497 | D111: 7 | E111: 499773 | F111: FLORES VERA ALONSO ANSELMO | G111: FLORES | H111: VERA | I111: Alonso Anselmo | J111: 2710 | K111: Gerencia Pers.Adminis. Y Operaciones | L111: TDA-PREV.PERD. Y PROT.ACTIVOS | M111: Guardia | N111: M | O111: 23527 | P111: 42317 | Q111: 42317 | R111: 219516 | S111: 45 | T111: 10337169 | U111: 1 | V111: 3 | W111: INDEFINIDO | X111: Alonso.Flores@Outlook.Cl | Y111: Sindicato N° 1
... A119: 116 | B119: Falabella Concepcion | C119: 13797370 | D119: 7 | E119: 604011 | F119: FIERRO RUBIO VANESA PRASCROVIA | G119: FIERRO | H119: RUBIO | I119: Vanesa Prascrovia | J119: 4356 | K119: Corner Concepcion Click & Collect | L119: TDA-PICK UP IN STORE | M119: Asesor De Clientes | N119: F | O119: 29162 | P119: 42296 | Q119: 42296 | R119: 219516 | S119: 45 | T119: 11965034 | U119: 1 | V119: 3 | W119: INDEFINIDO | X119: Vanesarubio.79@Gmail.Com | Y119: Sindicato N° 1
A120: 116 | B120: Falabella Concepcion | C120: 18137344 | D120: K | E120: 169420 | F120: ESPINOZA VELOSO MARIA ELIZABETH | G120: ESPINOZA | H120: VELOSO | I120: Maria Elizabeth | J120: 2710 | K120: Gerencia Pers.Adminis. Y Operaciones | L120: TDA-ISLA CELULARES | M120: Vendedor(A) | N120: F | O120: 31951 | P120: 42290 | Q120: 42290 | R120: 219516 | S120: 45 | T120: 18145928 | U120: 1 | V120: 3 | W120: INDEFINIDO | X120: Maria_1_9@Msn.Com | Y120: Sindicato N° 1
A121: 116 | B121: Falabella Concepcion | C121: 20018609 | D121: 5 | E121: 159697 | F121: ARIAS GALLARDO NICOLE SCARLETH | G121: ARIAS | H121: GALLARDO | I121: Nicole Scarleth | J121: 2710 | K121: Gerencia Pers.Adminis. Y Operaciones | L121: TDA-RINCON JUVENIL DAMAS GENERICO | M121: Asesor De Clientes | N121: F | O121: 35339 | P121: 42415 | Q121: 42415 | R121: 219516 | S121: 20 | T121: 18109867 | U121: 1 | V121: 3 | W121: INDEFINIDO | X121: Nsag313@Gmail.Com | Y121: Sindicato N° 1
A122: 116 | B122: Falabella Concepcion | C122: 15181115 | D122: 9 | E122: 851108 | F122: REYES MORAGA ERIKA PATRICIA | G122: REYES | H122: MORAGA | I122: Erika Patricia | J122: 2710 | K122: Gerencia Pers.Adminis. Y Operaciones | L122: TDA-CONFECCION DAMAS GENERICO | M122: Asesor De Clientes | N122: F | O122: 28996 | P122: 42261 | Q122: 42261 | R122: 219516 | S122: 45 | T122: 18068166 | U122: 1 | V122: 3 | W122: INDEFINIDO | X122: Erikareyes29@Gmail.Com | Y122: Sindicato N° 1
A123: 116 | B123: Falabella Concepcion | C123: 11572054 | D123: 6 | E123: 840246 | F123: TOLEDO TIZNADO MARCIA ANJELINIZ | G123: TOLEDO | H123: TIZNADO | I123: Marcia Anjeliniz | J123: 2710 | K123: Gerencia Pers.Adminis. Y Operaciones | L123: TDA-RINCON JUVENIL DAMAS GENERICO | M123: Asesor De Clientes | N123: F | O123: 25851 | P123: 42345 | Q123: 42345 | R123: 219516 | S123: 45 | T123: 18109867 | U123: 1 | V123: 3 | W123: INDEFINIDO | X123: Tmarcia252@Gmail.Com | Y123: Sindicato N° 1
A124: 116 | B124: Falabella Concepcion | C124: 14212566 | D124: 8 | E124: 784516 | F124: BUSTOS MEDINA CLAUDIO ALONSO | G124: BUSTOS | H124: MEDINA | I124: Claudio Alonso | J124: 2710 | K124: Gerencia Pers.Adminis. Y Operaciones | L124: TDA-COMPUTACION | M124: Vendedor(A) | N124: M | O124: 29614 | P124: 42331 | Q124: 42331 | R124: 219516 | S124: 45 | T124: 10838293 | U124: 1 | V124: 3 | W124: INDEFINIDO | X124: Clabustosm@Gmail.Com | Y124: Sindicato N° 1
A125: 116 | B125: Falabella Concepcion | C125: 8803651 | D125: 4 | E125: 343455 | F125: CONTRERAS SAEZ MILTON HERMINIO | G125: CONTRERAS | H125: SAEZ | I125: Milton Herminio | J125: 2710 | K125: Gerencia Pers.Adminis. Y Operaciones | L125: TDA-PREV.PERD. Y PROT.ACTIVOS | M125: Guardia | N125: M | O125: 23168 | P125: 42492 | Q125: 42492 | R125: 219516 | S125: 45 | T125: 10337169 | U125: 1 | V125: 3 | W125: INDEFINIDO | X125: Milton.Herminio.63@Gmail.Con | Y125: Sindicato N° 1
A126: 116 | B126: Falabella Concepcion | C126: 16037914 | D126: 6 | E126: 237256 | F126: SERON NAVARRETE MARCELA SOLANGE | G126: SERON | H126: NAVARRETE | I126: Marcela Solange | J126: 2710 | K126: Gerencia Pers.Adminis. Y Operaciones | L126: TDA-SPORT HOMBRES | M126: Asesor De Clientes | N126: F | O126: 31293 | P126: 42541 | Q126: 42541 | R126: 219516 | S126: 45 | T126: 9569275 | U126: 1 | V126: 3 | W126: INDEFINIDO | X126: Mseronnav@Gmail.Com | Y126: Sindicato N° 1
A127: 116 | B127: Falabella Concepcion | C127: 18109889 | D127: 9 | E127: 631450 | F127: TRONCOSO OSORIO MARIA JOSE | G127: TRONCOSO | H127: OSORIO | I127: Maria Jose | J127: 2710 | K127: Gerencia Pers.Adminis. Y Operaciones | L127: TDA-DEPORTES GENERICO | M127: Asesor De Clientes | N127: F | O127: 33801 | P127: 42527 | Q127: 42527 | R127: 219516 | S127: 45 | T127: 11898996 | U127: 1 | V127: 3 | W127: INDEFINIDO | X127: Mariajosetroncoso1992@Gmail.Com | Y127: Sindicato N° 1
A128: 116 | B128: Falabella Concepcion | C128: 14480750 | D128: 2 | E128: 841404 | F128: NIZZA FRIZ ANA MARIA | G128: NIZZA | H128: FRIZ | I128: Ana Maria | J128: 2710 | K128: Gerencia Pers.Adminis. Y Operaciones | L128: TDA-CONFECCION DAMAS GENERICO | M128: Asesor De Clientes | N128: F | O128: 27300 | P128: 42387 | Q128: 42387 | R128: 219516 | S128: 45 | T128: 18068166 | U128: 1 | V128: 3 | W128: INDEFINIDO | X128: Anamarianizzafriz@Gmail.Com | Y128: Sindicato N° 1
A129: 116 | B129: Falabella Concepcion | C129: 16898282 | D129: 8 | E129: 183938 | F129: HERRERA FICA PATRICIA ALEJANDRA | G129: HERRERA | H129: FICA | I129: Patricia Alejandra | J129: 2710 | K129: Gerencia Pers.Adminis. Y Operaciones | L129: TDA-NIÑAS (2-6) | M129: Asesor De Clientes | N129: F | O129: 32470 | P129: 42290 | Q129: 42290 | R129: 219516 | S129: 45 | T129: 13133110 | U129: 1 | V129: 3 | W129: INDEFINIDO | X129: Patii.Herrera@Gmail.Com | Y129: Sindicato N° 1
A130: 116 | B130: Falabella Concepcion | C130: 12924347 | D130: 3 | E130: 324809 | F130: COLOMA MORAGA NINNETTE | G130: COLOMA | H130: MORAGA | I130: Ninnette | J130: 2710 | K130: Gerencia Pers.Adminis. Y Operaciones | L130: TDA-RINCON JUVENIL DAMAS GENERICO | M130: Asesor De Clientes | N130: F | O130: 27663 | P130: 42450 | Q130: 42450 | R130: 219516 | S130: 45 | T130: 18109867 | U130: 1 | V130: 3 | W130: INDEFINIDO | X130: Colomamoraganinnette@Gmail.Com | Y130: Sindicato N° 1
...

Sheet TDA CURICO
A1: N° | B1: Rut | C1: Dv | D1: Codigo | E1: Nombre Completo Empleado | F1: Centro Costo | G1: Centro de Costo | H1: Departamento | I1: Cargo | J1: Sexo | K1: Nacimiento | L1: Indemnizable | M1: I. Contrato | N1: Dif | O1: T. Contrato | P1: Jor | Q1: Situacion Contractual | R1: Mail Personal | S1: Sindicato
B2: 20510048 | C2: 2 | D2: 734578 | E2: ACEVEDO PEREZ NICOLAS | F2: 2333 | G2: Gcia. Per.Adm. Y Oper. Curico | H2: TDA- BODEGA CENTRALIZADA | I2: Asistente De Bodega | J2: M | K2: 36915 | L2: 44531 | M2: 44531 | N2: =+IF(Tabla4[[#This Row],[I. Contrato]]=Tabla4[[#This Row],[Indemnizable]],"si","no") -> si | O2: 219516 | P2: 45 | Q2: INDEFINIDO | R2: Nicoperez10mlnjr@Gmail.Com | S2: Sind. N° 1
B3: 13785813 | C3: 4 | D3: 523097 | E3: AGUILAR OYARZO LORETO SAN JUAN | F3: 2333 | G3: Gcia. Per.Adm. Y Oper. Curico | H3: TDA-CONFECCION DAMAS GENERICO | I3: Asesor De Clientes | J3: F | K3: 28985 | L3: 42695 | M3: 42695 | N3: =+IF(Tabla4[[#This Row],[I. Contrato]]=Tabla4[[#This Row],[Indemnizable]],"si","no") -> si | O3: 219516 | P3: 45 | Q3: INDEFINIDO | R3: Loreaguilar1005@Gmail.Com | S3: STFC
B4: 17155397 | C4: 0 | D4: 691771 | E4: AGUILERA AGUILERA JEREMY ALEXSANDER | F4: 2333 | G4: Gcia. Per.Adm. Y Oper. Curico | H4: TDA-AUDIO/VIDEO | I4: Vendedor(A) | J4: M | K4: 32507 | L4: 40742 | M4: 40742 | N4: =+IF(Tabla4[[#This Row],[I. Contrato]]=Tabla4[[#This Row],[Indemnizable]],"si","no") -> si | O4: 219516 | P4: 45 | Q4: INDEFINIDO | R4: Aguilera.Jeremy@Gmail.Com | S4: STFC
B5: 19587888 | C5: 9 | D5: 681792 | E5: ALCAINO ALDANA LUIS ALEXANDER | F5: 2333 | G5: Gcia. Per.Adm. Y Oper. Curico | H5: TDA-ABASTECIMIENTO Y LOGISTICA | I5: Auxiliar De Abastecimiento | J5: M | K5: 35747 | L5: 44711 | M5: 44713 | N5: =+IF(Tabla4[[#This Row],[I. Contrato]]=Tabla4[[#This Row],[Indemnizable]],"si","no") -> no | O5: 219516 | P5: 45 | Q5: INDEFINIDO | R5: Luiz.Alcaino@Gmail.Com | S5: Sind. N° 1
B6: 20758070 | C6: 8 | D6: 658073 | E6: AMPUERO HERNANDEZ SCARLLETE IGNACIA | F6: 2333 | G6: Gcia. Per.Adm. Y Oper. Curico | H6: TDA-NIÑAS (2-6) | I6: Asesor De Clientes | J6: F | K6: 37316 | L6: 44958 | M6: 44958 | N6: =+IF(Tabla4[[#This Row],[I. Contrato]]=Tabla4[[#This Row],[Indemnizable]],"si","no") -> si | O6: 219516 | P6: 20 | Q6: INDEFINIDO | R6: Scarletampuero20@Gmail.Com | S6: Sind. N° 1
B7: 14399370 | C7: 1 | D7: 560693 | E7: APABLAZA RUZ MARIA XIMENA | F7: 2333 | G7: Gcia. Per.Adm. Y Oper. Curico | H7: TDA-MANGO | I7: Asesor De Marca | J7: F | K7: 28763 | L7: 40519 | M7: 40519 | N7: =+IF(Tabla4[[#This Row],[I. Contrato]]=Tabla4[[#This Row],[Indemnizable]],"si","no") -> si | O7: 219516 | P7: 45 | Q7: INDEFINIDO | R7: Ximena.Apablaza@Hotmail.Com | S7: STFC
B8: 17441446 | C8: 7 | D8: 775649 | E8: ARANIZ MARTINEZ DENISSE VANESSA | F8: 2333 | G8: Gcia. Per.Adm. Y Oper. Curico | H8: TDA-DISPLAY | I8: Asistente De Visual | J8: F | K8: 32818 | L8: 44539 | M8: 44539 | N8: =+IF(Tabla4[[#This Row],[I. Contrato]]=Tabla4[[#This Row],[Indemnizable]],"si","no") -> si | O8: 219516 | P8: 45 | Q8: INDEFINIDO | R8: Denissearanizmartinez@Gmail.Com | S8: STFC
B9: 16858860 | C9: 7 | D9: 446777 | E9: ARAVENA VASQUEZ RITA NORMA | F9: 2333 | G9: Gcia. Per.Adm. Y Oper. Curico | H9: TDA-PROBADORES | I9: Trainee De Seguridad | J9: F | K9: 32232 | L9: 45213 | M9: 45213 | N9: =+IF(Tabla4[[#This Row],[I. Contrato]]=Tabla4[[#This Row],[Indemnizable]],"si","no") -> si | O9: 219516 | P9: 45 | Q9: INDEFINIDO | R9: R23232016@Gmail.Com | S9: STFC
B10: 12372987 | C10: 0 | D10: 449857 | E10: ARIN IBAÑEZ HERLINDA ROSA | F10: 2333 | G10: Gcia. Per.Adm. Y Oper. Curico | H10: TDA-ISLA CELULARES | I10: Vendedor(A) | J10: F | K10: 26749 | L10: 37712 | M10: 37712 | N10: =+IF(Tabla4[[#This Row],[I. Contrato]]=Tabla4[[#This Row],[Indemnizable]],"si","no") -> si | O10: 219516 | P10: 40 | Q10: INDEFINIDO | R10: Titi_Arin@Hotmail.Com | S10: Sind. N° 1
B11: 14418277 | C11: 4 | D11: 423637 | E11: ARRIAGADA BRAVO MARIA ANDREA | F11: 2333 | G11: Gcia. Per.Adm. Y Oper. Curico | H11: TDA-ZAPATILLAS | I11: Vendedor(A) | J11: F | K11: 25843 | L11: 39636 | M11: 39636 | N11: =+IF(Tabla4[[#This Row],[I. Contrato]]=Tabla4[[#This Row],[Indemnizable]],"si","no") -> si | O11: 219516 | P11: 45 | Q11: INDEFINIDO | R11: Mab@Live.Cl | S11: Sind. N° 1
B12: 17981399 | C12: 8 | D12: 355763 | E12: AVENDAÑO POBLETE VIVIANA PAZ | F12: 2333 | G12: Gcia. Per.Adm. Y Oper. Curico | H12: TDA-CAJAS | I12: Cajera(O) - Empaque | J12: F | K12: 33884 | L12: 42982 | M12: 42982 | N12: =+IF(Tabla4[[#This Row],[I. Contrato]]=Tabla4[[#This Row],[Indemnizable]],"si","no") -> si | O12: 219516 | P12: 30 | Q12: INDEFINIDO | R12: Paz.Avendano@Hotmail.Com | S12: Sind. N° 1
B13: 20178047 | C13: 0 | D13: 489034 | E13: BARRIOS REYES JOAQUIN FERNANDO | F13: 2333 | G13: Gcia. Per.Adm. Y Oper. Curico | H13: TDA-PROBADORES | I13: Trainee De Seguridad | J13: M | K13: 36194 | L13: 45356 | M13: 45356 | N13: =+IF(Tabla4[[#This Row],[I. Contrato]]=Tabla4[[#This Row],[Indemnizable]],"si","no") -> si | O13: 45443 | P13: 45 | Q13: SEGUNDO PLAZO FIJO | R13: Joakobreyes@Gmail.Com | S13: #N/A
B14: 20122174 | C14: 9 | D14: 911631 | E14: BECERRA BECERRA KARIN CAMILA | F14: 2333 | G14: Gcia. Per.Adm. Y Oper. Curico | H14: TDA-CAJAS | I14: Cajera(O) - Empaque | J14: F | K14: 36249 | L14: 45019 | M14: 45019 | N14: =+IF(Tabla4[[#This Row],[I. Contrato]]=Tabla4[[#This Row],[Indemnizable]],"si","no") -> si | O14: 219516 | P14: 20 | Q14: INDEFINIDO | R14: Karincamilab@Outlook.Com | S14: STFC
B15: 18028807 | C15: 4 | D15: 189618 | E15: BERNAL BAHAMONDES LUIS FELIPE | F15: 2333 | G15: Gcia. Per.Adm. Y Oper. Curico | H15: TDA-PERFUMERIA SEMI SELECTIVA GENERICA | I15: Consultor De Perfumería Mp | J15: M | K15: 33877 | L15: 45180 | M15: 45180 | N15: =+IF(Tabla4[[#This Row],[I. Contrato]]=Tabla4[[#This Row],[Indemnizable]],"si","no") -> si | O15: 219516 | P15: 45 | Q15: INDEFINIDO | R15: Luisfelipebernalb@Gmail.Com | S15: STFC
B16: 20663038 | C16: 8 | D16: 189421 | E16: BRAVO ALISTE CONSTANZA SOLEDAD | F16: 2333 | G16: Gcia. Per.Adm. Y Oper. Curico | H16: TDA-PERFUMERIA SEMI SELECTIVA GENERICA | I16: Consultor De Perfumería Mp | J16: F | K16: 37140 | L16: 45180 | M16: 45180 | N16: =+IF(Tabla4[[#This Row],[I. Contrato]]=Tabla4[[#This Row],[Indemnizable]],"si","no") -> si | O16: 219516 | P16: 20 | Q16: INDEFINIDO | R16: Bravoalistec@Gmail.Com | S16: STFC
B17: 17155794 | C17: 1 | D17: 533092 | E17: BRAVO MORALES JOSE LUIS | F17: 2333 | G17: Gcia. Per.Adm. Y Oper. Curico | H17: TDA-PREV.PERD. Y PROT.ACTIVOS | I17: Guardia | J17: M | K17: 32541 | L17: 43389 | M17: 43389 | N17: =+IF(Tabla4[[#This Row],[I. Contrato]]=Tabla4[[#This Row],[Indemnizable]],"si","no") -> si | O17: 219516 | P17: 45 | Q17: INDEFINIDO | R17: Bravojosem89@Gmail.Com | S17: STFC
B18: 14285937 | C18: 8 | D18: 649015 | E18: BRAVO VERGARA LUZ MARIA | F18: 2333 | G18: Gcia. Per.Adm. Y Oper. Curico | H18: TDA-ISLA CELULARES | I18: Vendedor(A) | J18: F | K18: 27163 | L18: 38443 | M18: 38443 | N18: =+IF(Tabla4[[#This Row],[I. Contrato]]=Tabla4[[#This Row],[Indemnizable]],"si","no") -> si | O18: 219516 | P18: 40 | Q18: INDEFINIDO | R18: Luzmariabravovergara@Gmail.Com | S18: Sind. N° 1
B19: 15850392 | C19: 1 | D19: 114669 | E19: BUENO CUETO RICARDO ANTONIO | F19: 2333 | G19: Gcia. Per.Adm. Y Oper. Curico | H19: TDA-PREV.PERD. Y PROT.ACTIVOS | I19: Guardia | J19: M | K19: 30847 | L19: 44417 | M19: 44417 | N19: =+IF(Tabla4[[#This Row],[I. Contrato]]=Tabla4[[#This Row],[Indemnizable]],"si","no") -> si | O19: 219516 | P19: 45 | Q19: INDEFINIDO | R19: Rbuenocueto@Gmail.Com | S19: STFC
B20: 21609803 | C20: K | D20: 148172 | E20: BUSTOS VARELA MARIA PAZ | F20: 2333 | G20: Gcia. Per.Adm. Y Oper. Curico | H20: TDA-CAJAS | I20: Cajera(O) - Empaque | J20: F | K20: 38167 | L20: 44824 | M20: 44824 | N20: =+IF(Tabla4[[#This Row],[I. Contrato]]=Tabla4[[#This Row],[Indemnizable]],"si","no") -> si | O20: 219516 | P20: 20 | Q20: INDEFINIDO | R20: Varelabustos12@Gmail.Com | S20: STFC
B21: 19768878 | C21: 5 | D21: 843725 | E21: CABRERA LLEVENES ESCARLET BELEN | F21: 2333 | G21: Gcia. Per.Adm. Y Oper. Curico | H21: TDA-PROBADORES | I21: Trainee De Seguridad | J21: F | K21: 36232 | L21: 45264 | M21: 45264 | N21: =+IF(Tabla4[[#This Row],[I. Contrato]]=Tabla4[[#This Row],[Indemnizable]],"si","no") -> si | O21: 219516 | P21: 20 | Q21: INDEFINIDO | R21: Escarletbelenc@Gmail.Com | S21: STFC
B22: 19646819 | C22: 6 | D22: 374962 | E22: CABRERA RIQUELME VALENTINA IGNACIA | F22: 2333 | G22: Gcia. Per.Adm. Y Oper. Curico | H22: TDA-CAJAS | I22: Cajera(O) - Empaque | J22: F | K22: 35532 | L22: 42282 | M22: 42282 | N22: =+IF(Tabla4[[#This Row],[I. Contrato]]=Tabla4[[#This Row],[Indemnizable]],"si","no") -> si | O22: 219516 | P22: 30 | Q22: INDEFINIDO | R22: Valentina.Cr12@Gmail.Com | S22: Sind. N° 1
B23: 19006824 | C23: 2 | D23: 170097 | E23: CACERES HERNANDEZ MICHAEL VALENTIN | F23: 2333 | G23: Gcia. Per.Adm. Y Oper. Curico | H23: TDA-ATENCION DE CLIENTES | I23: Encargado Técnico | J23: M | K23: 34641 | L23: 42706 | M23: 42706 | N23: =+IF(Tabla4[[#This Row],[I. Contrato]]=Tabla4[[#This Row],[Indemnizable]],"si","no") -> si | O23: 219516 | P23: 45 | Q23: INDEFINIDO | R23: Mixelpunto19@Gmail.Com | S23: Sind. N° 1
B24: 17592613 | C24: 5 | D24: 604348 | E24: CALIBAR JARA BARBARA CONSUELO | F24: 2333 | G24: Gcia. Per.Adm. Y Oper. Curico | H24: TDA-CALZADO DAMAS GENERICO | I24: Vendedor(A) | J24: F | K24: 33074 | L24: 43808 | M24: 44652 | N24: =+IF(Tabla4[[#This Row],[I. Contrato]]=Tabla4[[#This Row],[Indemnizable]],"si","no") -> no | O24: 219516 | P24: 30 | Q24: INDEFINIDO | R24: Bccalibarj@Gmail.Com | S24: STFC
B25: 14051199 | C25: 4 | D25: 750921 | E25: CANALES JUICA CAROLINA ANDREA | F25: 2333 | G25: Gcia. Per.Adm. Y Oper. Curico | H25: TDA-CONFECCION DAMAS GENERICO | I25: Asesor De Clientes | J25: F | K25: 29650 | L25: 43318 | M25: 43318 | N25: =+IF(Tabla4[[#This Row],[I. Contrato]]=Tabla4[[#This Row],[Indemnizable]],"si","no") -> si | O25: 219516 | P25: 30 | Q25: INDEFINIDO | R25: Carolinacanales30@Gmail.Com | S25: STFC
B26: 14264186 | C26: 0 | D26: 916056 | E26: CANDIA JOFRE EUGENIA DEL CARMEN | F26: 2333 | G26: Gcia. Per.Adm. Y Oper. Curico | H26: TDA-TESORERIA | I26: Encargado De Tesoreria | J26: F | K26: 25746 | L26: 42968 | M26: 42968 | N26: =+IF(Tabla4[[#This Row],[I. Contrato]]=Tabla4[[#This Row],[Indemnizable]],"si","no") -> si | O26: 219516 | P26: 45 | Q26: INDEFINIDO | R26: Edc.Candiaj@Gmail.Com | S26: Sind. N° 1
B27: 16684048 | C27: 1 | D27: 916064 | E27: CARDENAS VENTEO PATRICIA VALESKA | F27: 2333 | G27: Gcia. Per.Adm. Y Oper. Curico | H27: TDA-ZAPATILLAS | I27: Vendedor(A) | J27: F | K27: 31916 | L27: 42968 | M27: 42968 | N27: =+IF(Tabla4[[#This Row],[I. Contrato]]=Tabla4[[#This Row],[Indemnizable]],"si","no") -> si | O27: 219516 | P27: 45 | Q27: INDEFINIDO | R27: Muriel_1107@Hotmail.Com | S27: Sind. N° 1
B28: 20509166 | C28: 1 | D28: 147397 | E28: CARIAGA GAVILAN GENESIS ISAMAR | F28: 2333 | G28: Gcia. Per.Adm. Y Oper. Curico | H28: TDA-CAJAS | I28: Cajera(O) - Empaque | J28: F | K28: 36790 | L28: 44824 | M28: 44824 | N28: =+IF(Tabla4[[#This Row],[I. Contrato]]=Tabla4[[#This Row],[Indemnizable]],"si","no") -> si | O28: 219516 | P28: 30 | Q28: INDEFINIDO | R28: Genesiscariaga2109@Gmail.Com | S28: STFC
B29: 10658936 | C29: 4 | D29: 593249 | E29: CARRASCO RAMIREZ MARISOL DEL CARMEN | F29: 2333 | G29: Gcia. Per.Adm. Y Oper. Curico | H29: TDA-PREV.PERD. Y PROT.ACTIVOS | I29: Guardia | J29: F | K29: 23471 | L29: 38322 | M29: 38322 | N29: =+IF(Tabla4[[#This Row],[I. Contrato]]=Tabla4[[#This Row],[Indemnizable]],"si","no") -> si | O29: 219516 | P29: 45 | Q29: INDEFINIDO | R29: Cholcarrasco@Gmail.Com | S29: STFC
B30: 19610872 | C30: 6 | D30: 938173 | E30: CELEDON MARDONES NATALIA NOEMI | F30: 2333 | G30: Gcia. Per.Adm. Y Oper. Curico | H30: TDA-SPORT HOMBRES | I30: Asesor De Clientes | J30: F | K30: 35647 | L30: 45019 | M30: 45019 | N30: =+IF(Tabla4[[#This Row],[I. Contrato]]=Tabla4[[#This Row],[Indemnizable]],"si","no") -> si | O30: 219516 | P30: 20 | Q30: INDEFINIDO | R30: Natalia.Celedon.Mardones@Gmail.Com | S30: STFC
B31: 19031187 | C31: 2 | D31: 475475 | E31: CERNA CAMPOS JOSE JERONIMO | F31: 2333 | G31: Gcia. Per.Adm. Y Oper. Curico | H31: TDA-ATENCION DE CLIENTES | I31: Encargado Técnico | J31: M | K31: 34972 | L31: 43284 | M31: 43284 | N31: =+IF(Tabla4[[#This Row],[I. Contrato]]=Tabla4[[#This Row],[Indemnizable]],"si","no") -> si | O31: 219516 | P31: 20 | Q31: INDEFINIDO | R31: Xeocer@Gmail.Com | S31: Sind. N° 1
B32: 19299101 | C32: 3 | D32: 913227 | E32: CESPEDES FUENZALIDA CATALINA DEL PILAR | F32: 2333 | G32: Gcia. Per.Adm. Y Oper. Curico | H32: TDA-DEPORTES GENERICO | I32: Asesor De Clientes | J32: F | K32: 35186 | L32: 41988 | M32: 41988 | N32: =+IF(Tabla4[[#This Row],[I. Contrato]]=Tabla4[[#This Row],[Indemnizable]],"si","no") -> si | O32: 219516 | P32: 45 | Q32: INDEFINIDO | R32: Fcespedescata@Gmail.Com | S32: Sind. N° 1
... B40: 11437358 | C40: 3 | D40: 598941 | E40: CORREA LABBE EXEQUIEL FERNANDO | F40: 2333 | G40: Gcia. Per.Adm. Y Oper. Curico | H40: TDA-JEFES COMERCIALES | I40: Jefe De Ventas | J40: M | K40: 25207 | L40: 40637 | M40: 43282 | N40: =+IF(Tabla4[[#This Row],[I. Contrato]]=Tabla4[[#This Row],[Indemnizable]],"si","no") -> no | O40: 219516 | P40: 45 | Q40: INDEFINIDO | R40: Quelitolabbe@Gmail.Com | S40: Aportante 100%
B41: 17442375 | C41: K | D41: 780421 | E41: DAZA DE LA FUENTE RODOLFO ANDRES | F41: 2333 | G41: Gcia. Per.Adm. Y Oper. Curico | H41: TDA-COMPUTACION | I41: Encargado De Bodega Electro | J41: M | K41: 32908 | L41: 43318 | M41: 43318 | N41: =+IF(Tabla4[[#This Row],[I. Contrato]]=Tabla4[[#This Row],[Indemnizable]],"si","no") -> si | O41: 219516 | P41: 45 | Q41: INDEFINIDO | R41: Rodolfo.Daza@Hotmail.Com | S41: Sind. N° 1
B42: 15138844 | C42: 2 | D42: 703206 | E42: DIAZ DIAZ MARIA JOSE | F42: 2333 | G42: Gcia. Per.Adm. Y Oper. Curico | H42: TDA-CAJAS | I42: Cajera(O) - Empaque | J42: F | K42: 30275 | L42: 44398 | M42: 44398 | N42: =+IF(Tabla4[[#This Row],[I. Contrato]]=Tabla4[[#This Row],[Indemnizable]],"si","no") -> si | O42: 219516 | P42: 30 | Q42: INDEFINIDO | R42: Www.Cotetita_2007@Live.Com | S42: STFC
B43: 10711488 | C43: 2 | D43: 260703 | E43: DIAZ GONZALEZ IRMA MARCELA | F43: 2333 | G43: Gcia. Per.Adm. Y Oper. Curico | H43: TDA-LINEA BLANCA | I43: Vendedor(A) | J43: F | K43: 24151 | L43: 39118 | M43: 39118 | N43: =+IF(Tabla4[[#This Row],[I. Contrato]]=Tabla4[[#This Row],[Indemnizable]],"si","no") -> si | O43: 219516 | P43: 40 | Q43: INDEFINIDO | R43: Marceladiazg13@Gmail.Com | S43: Sind. N° 1
B44: 21478843 | C44: 8 | D44: 147621 | E44: DIAZ SEPULVEDA LEONOR MACKARENA | F44: 2333 | G44: Gcia. Per.Adm. Y Oper. Curico | H44: TDA-SPORT HOMBRES | I44: Asesor De Clientes | J44: F | K44: 37990 | L44: 44824 | M44: 44824 | N44: =+IF(Tabla4[[#This Row],[I. Contrato]]=Tabla4[[#This Row],[Indemnizable]],"si","no") -> si | O44: 219516 | P44: 20 | Q44: INDEFINIDO | R44: Leo.Mack.D.S@Gmail.Com | S44: STFC
B45: 13351507 | C45: 0 | D45: 552763 | E45: DUARTE MIRANDA PRISILA DEL CARMEN | F45: 2333 | G45: Gcia. Per.Adm. Y Oper. Curico | H45: TDA-AUDIO/VIDEO | I45: Vendedor(A) | J45: F | K45: 28608 | L45: 38384 | M45: 38384 | N45: =+IF(Tabla4[[#This Row],[I. Contrato]]=Tabla4[[#This Row],[Indemnizable]],"si","no") -> si | O45: 219516 | P45: 25 | Q45: INDEFINIDO | R45: Prisiduartem@Gmail.Com | S45: STFC
B46: 14287355 | C46: 9 | D46: 506613 | E46: DURAN VALENZUELA LUIS OSVALDO | F46: 2333 | G46: Gcia. Per.Adm. Y Oper. Curico | H46: TDA-PREV.PERD. Y PROT.ACTIVOS | I46: Guardia | J46: M | K46: 27347 | L46: 38005 | M46: 38005 | N46: =+IF(Tabla4[[#This Row],[I. Contrato]]=Tabla4[[#This Row],[Indemnizable]],"si","no") -> si | O46: 219516 | P46: 45 | Q46: INDEFINIDO | R46: Loduranv5@Gmail.Com | S46: STFC
B47: 17981225 | C47: 8 | D47: 476226 | E47: ECHEVERRIA NUÑEZ JUAN ROSENDO | F47: 2333 | G47: Gcia. Per.Adm. Y Oper. Curico | H47: TDA-PREV.PERD. Y PROT.ACTIVOS | I47: Guardia | J47: M | K47: 33829 | L47: 42534 | M47: 42534 | N47: =+IF(Tabla4[[#This Row],[I. Contrato]]=Tabla4[[#This Row],[Indemnizable]],"si","no") -> si | O47: 219516 | P47: 45 | Q47: INDEFINIDO | R47: Juan.Echeverrianunez.12@Gmail.Com | S47: STFC
B48: 10409683 | C48: 2 | D48: 195154 | E48: ELUCHANS SANHUEZA HERTA ELENA | F48: 2333 | G48: Gcia. Per.Adm. Y Oper. Curico | H48: TDA-RINCON JUVENIL DAMAS GENERICO | I48: Asesor De Clientes | J48: F | K48: 24124 | L48: 44515 | M48: 44515 | N48: =+IF(Tabla4[[#This Row],[I. Contrato]]=Tabla4[[#This Row],[Indemnizable]],"si","no") -> si | O48: 219516 | P48: 30 | Q48: INDEFINIDO | R48: Camila.Hert@Hotmail.Com | S48: STFC
B49: 11371360 | C49: 7 | D49: 704652 | E49: ESPINOZA CERECEDA LUIS FELIX | F49: 2333 | G49: Gcia. Per.Adm. Y Oper. Curico | H49: TDA-PREV.PERD. Y PROT.ACTIVOS | I49: Guardia | J49: M | K49: 25544 | L49: 38671 | M49: 38671 | N49: =+IF(Tabla4[[#This Row],[I. Contrato]]=Tabla4[[#This Row],[Indemnizable]],"si","no") -> si | O49: 219516 | P49: 45 | Q49: INDEFINIDO | R49: Felix69@Live.Cl | S49: STFC
B50: 16859038 | C50: 5 | D50: 750336 | E50: ESPINOZA MANRIQUEZ MARIA JOSE | F50: 2333 | G50: Gcia. Per.Adm. Y Oper. Curico | H50: TDA-PERFUMERIA SELECTIVA GENERICA | I50: Asesor De Clientes | J50: F | K50: 32253 | L50: 43052 | M50: 43052 | N50: =+IF(Tabla4[[#This Row],[I. Contrato]]=Tabla4[[#This Row],[Indemnizable]],"si","no") -> si | O50: 219516 | P50: 30 | Q50: INDEFINIDO | R50: Espinozamanriquezjo@Gmail.Com | S50: Sind. N° 1
B51: 17158961 | C51: 4 | D51: 220639 | E51: ESPINOZA PUENTES CLAUDIA GUISELA | F51: 2333 | G51: Gcia. Per.Adm. Y Oper. Curico | H51: TDA- BODEGA CENTRALIZADA | I51: Asistente De Bodega | J51: F | K51: 32312 | L51: 39482 | M51: 39482 | N51: =+IF(Tabla4[[#This Row],[I. Contrato]]=Tabla4[[#This Row],[Indemnizable]],"si","no") -> si | O51: 219516 | P51: 45 | Q51: INDEFINIDO | R51: Espinozaclaudia015@Gmail.Com | S51: Sind. N° 1
B52: 10466538 | C52: 1 | D52: 382744 | E52: FAUNDEZ CAMPOS GUILLERMO ESTEBAN | F52: 2333 | G52: Gcia. Per.Adm. Y Oper. Curico | H52: TDA-PREV.PERD. Y PROT.ACTIVOS | I52: Guardia | J52: M | K52: 24011 | L52: 39146 | M52: 39146 | N52: =+IF(Tabla4[[#This Row],[I. Contrato]]=Tabla4[[#This Row],[Indemnizable]],"si","no") -> si | O52: 219516 | P52: 45 | Q52: INDEFINIDO | R52: Guillermofaundez65@Gmail.Com | S52: STFC
B53: 14260484 | C53: 1 | D53: 501697 | E53: FIGUEROA PETEY XIMENA DEL PILAR | F53: 2333 | G53: Gcia. Per.Adm. Y Oper. Curico | H53: TDA-TESORERIA | I53: Administrativo De Tesoreria | J53: F | K53: 27016 | L53: 43374 | M53: 43374 | N53: =+IF(Tabla4[[#This Row],[I. Contrato]]=Tabla4[[#This Row],[Indemnizable]],"si","no") -> si | O53: 219516 | P53: 30 | Q53: INDEFINIDO | R53: Xfigueroap44@Gmail.Com | S53: Sind. N° 1
B54: 16859111 | C54: K | D54: 863882 | E54: FLORES RIVEROS ROCIO NICOLE | F54: 2333 | G54: Gcia. Per.Adm. Y Oper. Curico | H54: TDA-CALZADO DAMAS GENERICO | I54: Vendedor(A) | J54: F | K54: 32254 | L54: 43318 | M54: 43318 | N54: =+IF(Tabla4[[#This Row],[I. Contrato]]=Tabla4[[#This Row],[Indemnizable]],"si","no") -> si | O54: 219516 | P54: 20 | Q54: INDEFINIDO | R54: Rociofloresriveros.Rfr@Gmail.Com | S54: Sind. N° 1
B55: 12416653 | C55: 5 | D55: 300926 | E55: FUENZALIDA FUENTE RUHAMA PAULINA | F55: 2333 | G55: Gcia. Per.Adm. Y Oper. Curico | H55: TDA-MUEBLES | I55: Vendedor(A) | J55: F | K55: 26837 | L55: 40182 | M55: 40182 | N55: =+IF(Tabla4[[#This Row],[I. Contrato]]=Tabla4[[#This Row],[Indemnizable]],"si","no") -> si | O55: 219516 | P55: 18 | Q55: INDEFINIDO | R55: Mamita_Junio22@Hotmail.Com | S55: STFC
B56: 13784296 | C56: 3 | D56: 325694 | E56: FUENZALIDA FUENZALIDA MARTA ELENA | F56: 2333 | G56: Gcia. Per.Adm. Y Oper. Curico | H56: TDA-CALZADO HOMBRES GENERICO | I56: Vendedor(A) | J56: F | K56: 29534 | L56: 39118 | M56: 39118 | N56: =+IF(Tabla4[[#This Row],[I. Contrato]]=Tabla4[[#This Row],[Indemnizable]],"si","no") -> si | O56: 219516 | P56: 40 | Q56: INDEFINIDO | R56: Martafuenzalida@Gmail.Com | S56: Sind. N° 1
B57: 19008385 | C57: 3 | D57: 440078 | E57: GALLARDO VALENZUELA MARIA FERNANDA | F57: 2333 | G57: Gcia. Per.Adm. Y Oper. Curico | H57: TDA-TEXTIL | I57: Asesor De Clientes | J57: F | K57: 34910 | L57: 42114 | M57: 42114 | N57: =+IF(Tabla4[[#This Row],[I. Contrato]]=Tabla4[[#This Row],[Indemnizable]],"si","no") -> si | O57: 219516 | P57: 20 | Q57: INDEFINIDO | R57: Fergallardova@Gmail.Com | S57: Sind. N° 1
B58: 16024799 | C58: 1 | D58: 915793 | E58: GALLEGOS BRAVO GASTON LEONELO | F58: 2333 | G58: Gcia. Per.Adm. Y Oper. Curico | H58: TDA-ABASTECIMIENTO Y LOGISTICA | I58: Auxiliar De Abastecimiento | J58: M | K58: 31289 | L58: 41396 | M58: 41396 | N58: =+IF(Tabla4[[#This Row],[I. Contrato]]=Tabla4[[#This Row],[Indemnizable]],"si","no") -> si | O58: 219516 | P58: 45 | Q58: INDEFINIDO | R58: Leonelgallegobravo@Gmail.Com | S58: Sind. N° 1
B59: 19998722 | C59: 4 | D59: 864617 | E59: GANGA MUÑOZ LISSETT ALEJANDRA | F59: 2333 | G59: Gcia. Per.Adm. Y Oper. Curico | H59: TDA-NIÑAS (2-6) | I59: Asesor De Clientes | J59: F | K59: 36163 | L59: 42891 | M59: 42891 | N59: =+IF(Tabla4[[#This Row],[I. Contrato]]=Tabla4[[#This Row],[Indemnizable]],"si","no") -> si | O59: 219516 | P59: 20 | Q59: INDEFINIDO | R59: Lissett.G.M@Hotmail.Com | S59: Sind. N° 1
B60: 19007108 | C60: 1 | D60: 488496 | E60: GARRIDO CASTRO DANIELA ESTER | F60: 2333 | G60: Gcia. Per.Adm. Y Oper. Curico | H60: TDA-CAJAS | I60: Cajera(O) - Empaque | J60: F | K60: 34690 | L60: 41946 | M60: 41946 | N60: =+IF(Tabla4[[#This Row],[I. Contrato]]=Tabla4[[#This Row],[Indemnizable]],"si","no") -> si | O60: 219516 | P60: 30 | Q60: INDEFINIDO | R60: Danielagarridocastro@Gmail.Com | S60: Sind. N° 1
B61: 17757437 | C61: 6 | D61: 229172 | E61: GARRIDO HABACH MILENA ANDREA | F61: 2333 | G61: Gcia. Per.Adm. Y Oper. Curico | H61: TDA-JEFES COMERCIALES | I61: Jefe De Ventas | J61: F | K61: 33580 | L61: 40119 | M61: 43800 | N61: =+IF(Tabla4[[#This Row],[I. Contrato]]=Tabla4[[#This Row],[Indemnizable]],"si","no") -> no | O61: 219516 | P61: 45 | Q61: INDEFINIDO | S61: Aportante 100%
B62: 17374147 | C62: 2 | D62: 324388 | E62: GATICA CORNEJO JORDAN ALAN | F62: 2333 | G62: Gcia. Per.Adm. Y Oper. Curico | H62: TDA-DISPLAY | I62: Asistente De Visual | J62: M | K62: 32948 | L62: 44109 | M62: 44109 | N62: =+IF(Tabla4[[#This Row],[I. Contrato]]=Tabla4[[#This Row],[Indemnizable]],"si","no") -> si | O62: 219516 | P62: 45 | Q62: INDEFINIDO | R62: Jordan_D45@Hotmail.Com | S62: STFC
B63: 13352679 | C63: K | D63: 400645 | E63: GAVILAN ROJAS ISABEL DEL CARMEN | F63: 2333 | G63: Gcia. Per.Adm. Y Oper. Curico | H63: TDA-CAJAS | I63: Cajera(O) - Empaque | J63: F | K63: 28813 | L63: 41309 | M63: 41309 | N63: =+IF(Tabla4[[#This Row],[I. Contrato]]=Tabla4[[#This Row],[Indemnizable]],"si","no") -> si | O63: 219516 | P63: 30 | Q63: INDEFINIDO | R63: Isabelgavilanrojas0206@Gmail.Com | S63: STFC
B64: 17443616 | C64: 9 | D64: 978272 | E64: GODOY GAJARDO MATIAS RODRIGO | F64: 2333 | G64: Gcia. Per.Adm. Y Oper. Curico | H64: TDA- BODEGA CENTRALIZADA | I64: Asistente De Bodega | J64: M | K64: 33078 | L64: 43745 | M64: 43745 | N64: =+IF(Tabla4[[#This Row],[I. Contrato]]=Tabla4[[#This Row],[Indemnizable]],"si","no") -> si | O64: 219516 | P64: 10 | Q64: INDEFINIDO | R64: Matyas.Godoy@Gmail.Com | S64: Sind. N° 1
B65: 15631135 | C65: 9 | D65: 536539 | E65: GONZALEZ AEDO NATALY | F65: 2333 | G65: Gcia. Per.Adm. Y Oper. Curico | H65: TDA-JEFES COMERCIALES | I65: Jefe De Ventas | J65: F | K65: 30665 | L65: 38112 | M65: 38112 | N65: =+IF(Tabla4[[#This Row],[I. Contrato]]=Tabla4[[#This Row],[Indemnizable]],"si","no") -> si | O65: 219516 | P65: 45 | Q65: INDEFINIDO | R65: Natalygonzalezaedo@Gmail.Com | S65: Aportante 100%
B66: 17157225 | C66: 8 | D66: 549797 | E66: GONZALEZ AGUILAR MARIA SOLEDAD | F66: 2333 | G66: Gcia. Per.Adm. Y Oper. Curico | H66: TDA-CAJAS | I66: Cajera(O) - Empaque | J66: F | K66: 32732 | L66: 44898 | M66: 44898 | N66: =+IF(Tabla4[[#This Row],[I. Contrato]]=Tabla4[[#This Row],[Indemnizable]],"si","no") -> si | O66: 219516 | P66: 20 | Q66: INDEFINIDO | R66: Msoledad.Gonzalez.Aguilar@Gmail.Com | S66: Sind. N° 1
B67: 15144462 | C67: 8 | D67: 309052 | E67: GONZALEZ GONZALEZ CARLOS MARTIN | F67: 2333 | G67: Gcia. Per.Adm. Y Oper. Curico | H67: TDA-APPLE | I67: Vendedor(A) | J67: M | K67: 30102 | L67: 41051 | M67: 41051 | N67: =+IF(Tabla4[[#This Row],[I. Contrato]]=Tabla4[[#This Row],[Indemnizable]],"si","no") -> si | O67: 219516 | P67: 40 | Q67: INDEFINIDO | R67: Carlosgonzalez100@Gmail.Com | S67: Sind. N° 1
B68: 12783748 | C68: 1 | D68: 88803 | E68: GONZALEZ LOYOLA RICARDO ANTONIO | F68: 2333 | G68: Gcia. Per.Adm. Y Oper. Curico | H68: TDA-ABASTECIMIENTO Y LOGISTICA | I68: Jefe De Abastecimiento Y Logistica | J68: M | K68: 27475 | L68: 36754 | M68: 36754 | N68: =+IF(Tabla4[[#This Row],[I. Contrato]]=Tabla4[[#This Row],[Indemnizable]],"si","no") -> si | O68: 219516 | P68: 45 | Q68: INDEFINIDO | R68: Ricardoloyola75@Gmail.Com | S68: Aportante 100%
B69: 17795856 | C69: 5 | D69: 165751 | E69: GONZALEZ SILVA ABRAHAM ELIAS | F69: 2333 | G69: Gcia. Per.Adm. Y Oper. Curico | H69: TDA-PREV.PERD. Y PROT.ACTIVOS | I69: Guardia | J69: M | K69: 33305 | L69: 40679 | M69: 40679 | N69: =+IF(Tabla4[[#This Row],[I. Contrato]]=Tabla4[[#This Row],[Indemnizable]],"si","no") -> si | O69: 219516 | P69: 45 | Q69: INDEFINIDO | R69: Aegonzalezsilva@Gmail.Com | S69: STFC
B70: 17214601 | C70: 5 | D70: 687243 | E70: GONZALEZ ULLOA VALESCA ALEJANDRA | F70: 2333 | G70: Gcia. Per.Adm. Y Oper. Curico | H70: TDA-CONFECCION DAMAS GENERICO | I70: Asesor De Clientes | J70: F | K70: 32533 | L70: 43423 | M70: 43423 | N70: =+IF(Tabla4[[#This Row],[I. Contrato]]=Tabla4[[#This Row],[Indemnizable]],"si","no") -> si | O70: 219516 | P70: 20 | Q70: INDEFINIDO | R70: Valescagonzalez25@Gmail.Com | S70: STFC
B71: 13351181 | C71: 4 | D71: 260231 | E71: HERNANDEZ GUTIERREZ VIVIAN JOHANNA | F71: 2333 | G71: Gcia. Per.Adm. Y Oper. Curico | H71: TDA-ZAPATILLAS | I71: Vendedor(A) | J71: F | K71: 28576 | L71: 39055 | M71: 39055 | N71: =+IF(Tabla4[[#This Row],[I. Contrato]]=Tabla4[[#This Row],[Indemnizable]],"si","no") -> si | O71: 219516 | P71: 40 | Q71: INDEFINIDO | R71: Vivian_2778@Hotmail.Com | S71: Sind. N° 1
B72: 16186277 | C72: 0 | D72: 877832 | E72: HERRERA LEAL MARCELO ALBERTO | F72: 2333 | G72: Gcia. Per.Adm. Y Oper. Curico | H72: TDA-GERENCIA | I72: Gerente De Ventas | J72: M | K72: 31274 | L72: 41051 | M72: 45383 | N72: =+IF(Tabla4[[#This Row],[I. Contrato]]=Tabla4[[#This Row],[Indemnizable]],"si","no") -> no | O72: 219516 | P72: 45 | Q72: INDEFINIDO | R72: Maherrera@Falabella.Cl | S72: No Sindicalizado
B73: 18577117 | C73: 2 | D73: 751839 | E73: HERRERA NAVARRO CONSTANZA NICOLE | F73: 2333 | G73: Gcia. Per.Adm. Y Oper. Curico | H73: TDA-SPORT HOMBRES | I73: Asesor De Clientes | J73: F | K73: 34201 | L73: 43318 | M73: 43318 | N73: =+IF(Tabla4[[#This Row],[I. Contrato]]=Tabla4[[#This Row],[Indemnizable]],"si","no") -> si | O73: 219516 | P73: 45 | Q73: INDEFINIDO | R73: Constanza.H19@Gmail.Com | S73: STFC
B74: 11762572 | C74: 9 | D74: 381292 | E74: HERRERA NORAMBUENA SANDRA LILA | F74: 4362 | G74: Corner Curico Click & Collect | H74: TDA-PICK UP IN STORE | I74: Jefe De Click And Collect | J74: F | K74: 25924 | L74: 40924 | M74: 40924 | N74: =+IF(Tabla4[[#This Row],[I. Contrato]]=Tabla4[[#This Row],[Indemnizable]],"si","no") -> si | O74: 219516 | P74: 45 | Q74: INDEFINIDO | R74: Familia.Opazoherrera@Gmail.Com | S74: Aportante 100%
B75: 15850696 | C75: 3 | D75: 664235 | E75: HERRERA OLIVOS ANGELO ENRIQUE | F75: 2333 | G75: Gcia. Per.Adm. Y Oper. Curico | H75: TDA-CALZADO INFANTIL GENERICO | I75: Vendedor(A) | J75: M | K75: 30966 | L75: 38507 | M75: 38507 | N75: =+IF(Tabla4[[#This Row],[I. Contrato]]=Tabla4[[#This Row],[Indemnizable]],"si","no") -> si | O75: 219516 | P75: 40 | Q75: INDEFINIDO | R75: Angeloherrera1985@Gmail.Com | S75: STFC
... B83: 18349995 | C83: 5 | D83: 429228 | E83: LOPEZ AVILES ROMINA ANDREA | F83: 2333 | G83: Gcia. Per.Adm. Y Oper. Curico | H83: TDA-SPORT HOMBRES | I83: Asesor De Clientes | J83: F | K83: 34086 | L83: 41946 | M83: 41946 | N83: =+IF(Tabla4[[#This Row],[I. Contrato]]=Tabla4[[#This Row],[Indemnizable]],"si","no") -> si | O83: 219516 | P83: 30 | Q83: INDEFINIDO | R83: Lopezromina1402@Gmail.Com | S83: STFC
B84: 18252414 | C84: K | D84: 341487 | E84: LOPEZ MANCILLA JEIMY PAOLA | F84: 2333 | G84: Gcia. Per.Adm. Y Oper. Curico | H84: TDA-TESORERIA | I84: Administrativo De Tesoreria | J84: F | K84: 33749 | L84: 44638 | M84: 44638 | N84: =+IF(Tabla4[[#This Row],[I. Contrato]]=Tabla4[[#This Row],[Indemnizable]],"si","no") -> si | O84: 219516 | P84: 20 | Q84: INDEFINIDO | R84: Jlmancilla1992@Gmail.Com | S84: Sind. N° 1
B85: 14285611 | C85: 5 | D85: 88986 | E85: LUEIZA GONZALEZ ELISA NATALIA | F85: 2333 | G85: Gcia. Per.Adm. Y Oper. Curico | H85: TDA-ISLA CELULARES | I85: Vendedor(A) | J85: F | K85: 27113 | L85: 36754 | M85: 36754 | N85: =+IF(Tabla4[[#This Row],[I. Contrato]]=Tabla4[[#This Row],[Indemnizable]],"si","no") -> si | O85: 219516 | P85: 40 | Q85: INDEFINIDO | R85: Ly.Nlgpagliaro@Gmail.Com | S85: STFC
B86: 14506328 | C86: 0 | D86: 229067 | E86: LUNA LUNA EDITH DE LAS MERCEDE | F86: 2333 | G86: Gcia. Per.Adm. Y Oper. Curico | H86: TDA-ZAPATILLAS | I86: Vendedor(A) | J86: F | K86: 27767 | L86: 40651 | M86: 40651 | N86: =+IF(Tabla4[[#This Row],[I. Contrato]]=Tabla4[[#This Row],[Indemnizable]],"si","no") -> si | O86: 219516 | P86: 30 | Q86: INDEFINIDO | R86: Eluna2008luna@Gmail.Com | S86: STFC
B87: 9390703 | C87: 5 | D87: 109606 | E87: MANZO VERGARA CECILIA DEL CARMEN | F87: 2333 | G87: Gcia. Per.Adm. Y Oper. Curico | H87: TDA-CALZADO DAMAS GENERICO | I87: Vendedor(A) | J87: F | K87: 23915 | L87: 39300 | M87: 39300 | N87: =+IF(Tabla4[[#This Row],[I. Contrato]]=Tabla4[[#This Row],[Indemnizable]],"si","no") -> si | O87: 219516 | P87: 45 | Q87: INDEFINIDO | R87: Cecimanzo@Gmail.Com | S87: STFC
B88: 15130571 | C88: 7 | D88: 492094 | E88: MARIN SOTO PATRICIA CAROLINA | F88: 2333 | G88: Gcia. Per.Adm. Y Oper. Curico | H88: TDA-ABASTECIMIENTO Y LOGISTICA | I88: Auxiliar De Abastecimiento | J88: F | K88: 30321 | L88: 42219 | M88: 42219 | N88: =+IF(Tabla4[[#This Row],[I. Contrato]]=Tabla4[[#This Row],[Indemnizable]],"si","no") -> si | O88: 219516 | P88: 45 | Q88: INDEFINIDO | R88: Patriciacarolina.Pcm@Gmail.Com | S88: Sind. N° 1
B89: 11233652 | C89: 4 | D89: 465062 | E89: MARTINEZ VALENZUELA CLAUDIA PAZ DEL CARM | F89: 2333 | G89: Gcia. Per.Adm. Y Oper. Curico | H89: TDA-PEQUEÑOS ELECTRODOMÉSTICOS | I89: Vendedor(A) | J89: F | K89: 25174 | L89: 37834 | M89: 37834 | N89: =+IF(Tabla4[[#This Row],[I. Contrato]]=Tabla4[[#This Row],[Indemnizable]],"si","no") -> si | O89: 219516 | P89: 40 | Q89: INDEFINIDO | R89: Ojos-Negros1.2@Hotmail.Com | S89: Sind. N° 1
B90: 16023715 | C90: 5 | D90: 665398 | E90: MEDINA FARIAS INGRID SOLEDAD | F90: 2333 | G90: Gcia. Per.Adm. Y Oper. Curico | H90: TDA-PERFUMERIA SELECTIVA GENERICA | I90: Asesor De Clientes | J90: F | K90: 31134 | L90: 43136 | M90: 43136 | N90: =+IF(Tabla4[[#This Row],[I. Contrato]]=Tabla4[[#This Row],[Indemnizable]],"si","no") -> si | O90: 219516 | P90: 30 | Q90: INDEFINIDO | R90: Ingridsoledad85@Hotmail.Com | S90: STFC
B91: 15629992 | C91: 8 | D91: 113204 | E91: MELLADO OLIVOS BERTA DEL CARMEN | F91: 2333 | G91: Gcia. Per.Adm. Y Oper. Curico | H91: TDA-ISLA CELULARES | I91: Vendedor(A) | J91: F | K91: 30494 | L91: 39888 | M91: 39888 | N91: =+IF(Tabla4[[#This Row],[I. Contrato]]=Tabla4[[#This Row],[Indemnizable]],"si","no") -> si | O91: 219516 | P91: 20 | Q91: INDEFINIDO | R91: Bertha.Mellado@Gmail.Com | S91: Sind. N° 1
B92: 8353021 | C92: 9 | D92: 843202 | E92: MIRANDA BRAVO JOHANNA NICOLE | F92: 4362 | G92: Corner Curico Click & Collect | H92: TDA-PICK UP IN STORE | I92: Asesor De Clientes | J92: F | K92: 26092 | L92: 42142 | M92: 42142 | N92: =+IF(Tabla4[[#This Row],[I. Contrato]]=Tabla4[[#This Row],[Indemnizable]],"si","no") -> si | O92: 219516 | P92: 45 | Q92: INDEFINIDO | R92: Nicolemirandabravo@Gmail.Com | S92: Sind. N° 1
B93: 16859389 | C93: 9 | D93: 313858 | E93: MORA ROJAS MARICELA DEL PILAR | F93: 2333 | G93: Gcia. Per.Adm. Y Oper. Curico | H93: TDA-CAJAS | I93: Cajera(O) - Empaque | J93: F | K93: 32283 | L93: 43318 | M93: 43318 | N93: =+IF(Tabla4[[#This Row],[I. Contrato]]=Tabla4[[#This Row],[Indemnizable]],"si","no") -> si | O93: 219516 | P93: 30 | Q93: INDEFINIDO | R93: Maricelamorarojas2059@Gmail.Com | S93: Sind. N° 1
B94: 16594804 | C94: 1 | D94: 372064 | E94: MORALES SALINAS MARIA FERNANDA | F94: 2333 | G94: Gcia. Per.Adm. Y Oper. Curico | H94: TDA-DEPORTES GENERICO | I94: Asesor De Clientes | J94: F | K94: 31906 | L94: 42786 | M94: 42786 | N94: =+IF(Tabla4[[#This Row],[I. Contrato]]=Tabla4[[#This Row],[Indemnizable]],"si","no") -> si | O94: 219516 | P94: 45 | Q94: INDEFINIDO | R94: M.Fernandams09@Gmail.Com | S94: Sind. N° 1
B95: 11557722 | C95: 0 | D95: 89699 | E95: MOZO VALENZUELA MARCELA PAZ | F95: 2333 | G95: Gcia. Per.Adm. Y Oper. Curico | H95: TDA-CAJAS | I95: Jefe De Cajas | J95: F | K95: 25591 | L95: 36754 | M95: 36795 | N95: =+IF(Tabla4[[#This Row],[I. Contrato]]=Tabla4[[#This Row],[Indemnizable]],"si","no") -> no | O95: 219516 | P95: 45 | Q95: INDEFINIDO | R95: Marcemozocurico@Gmail.Com | S95: Aportante Sind. N°1
B96: 17882371 | C96: K | D96: 432385 | E96: MUÑOZ ALARCON MARIA LUISA | F96: 2333 | G96: Gcia. Per.Adm. Y Oper. Curico | H96: TDA-CORSETERIA Y LENCERIA GENERICO | I96: Asesor De Clientes | J96: F | K96: 33551 | L96: 42681 | M96: 42681 | N96: =+IF(Tabla4[[#This Row],[I. Contrato]]=Tabla4[[#This Row],[Indemnizable]],"si","no") -> si | O96: 219516 | P96: 45 | Q96: INDEFINIDO | R96: Sofiamorismunoz@Gmail.Com | S96: STFC
B97: 11233422 | C97: K | D97: 414158 | E97: MUÑOZ DIEDRICHS ALISSON JEANNETTE | F97: 2333 | G97: Gcia. Per.Adm. Y Oper. Curico | H97: TDA-AUDIO/VIDEO | I97: Vendedor(A) | J97: F | K97: 25135 | L97: 39188 | M97: 39188 | N97: =+IF(Tabla4[[#This Row],[I. Contrato]]=Tabla4[[#This Row],[Indemnizable]],"si","no") -> si | O97: 219516 | P97: 40 | Q97: INDEFINIDO | R97: Alisson.Diedrichs68@Gmail.Com | S97: Sind. N° 1
B98: 11558724 | C98: 2 | D98: 711683 | E98: MUÑOZ DIEDRICHS MIRIAM DEL CARMEN | F98: 2333 | G98: Gcia. Per.Adm. Y Oper. Curico | H98: TDA-TEXTIL | I98: Asesor De Clientes | J98: F | K98: 25830 | L98: 41897 | M98: 41897 | N98: =+IF(Tabla4[[#This Row],[I. Contrato]]=Tabla4[[#This Row],[Indemnizable]],"si","no") -> si | O98: 219516 | P98: 30 | Q98: INDEFINIDO | R98: Miriam.Diedrichs@Gmail.Com | S98: STFC
B99: 15129282 | C99: 8 | D99: 665622 | E99: MUÑOZ PEREZ JUAN GABRIEL | F99: 2333 | G99: Gcia. Per.Adm. Y Oper. Curico | H99: TDA-CAJAS | I99: Cajera(O) - Empaque | J99: M | K99: 30128 | L99: 41918 | M99: 41918 | N99: =+IF(Tabla4[[#This Row],[I. Contrato]]=Tabla4[[#This Row],[Indemnizable]],"si","no") -> si | O99: 219516 | P99: 45 | Q99: INDEFINIDO | R99: Jmunozperez1982@Gmail.Com | S99: Sind. N° 1
B100: 17558973 | C100: 2 | D100: 188891 | E100: MURUA FABREGAS JORGE RODRIGO | F100: 2333 | G100: Gcia. Per.Adm. Y Oper. Curico | H100: TDA-JEFES COMERCIALES | I100: Jefe De Venta Connect | J100: M | K100: 28661 | L100: 37660 | M100: 41426 | N100: =+IF(Tabla4[[#This Row],[I. Contrato]]=Tabla4[[#This Row],[Indemnizable]],"si","no") -> no | O100: 219516 | P100: 45 | Q100: INDEFINIDO | R100: Jorgemurua811@Gmail.Com | S100: Aportante 100%
B101: 14051740 | C101: 2 | D101: 91766 | E101: NUÑEZ GRANIFO RODRIGO BENITO | F101: 4362 | G101: Corner Curico Click & Collect | H101: TDA-PICK UP IN STORE | I101: Asesor De Clientes | J101: M | K101: 29732 | L101: 37022 | M101: 37022 | N101: =+IF(Tabla4[[#This Row],[I. Contrato]]=Tabla4[[#This Row],[Indemnizable]],"si","no") -> si | O101: 219516 | P101: 45 | Q101: INDEFINIDO | R101: Rodrigobenito81@Gmail.Com | S101: Sind. N° 1
B102: 12371390 | C102: 7 | D102: 700533 | E102: NUÑEZ GUTIERREZ BERNARDITA | F102: 2333 | G102: Gcia. Per.Adm. Y Oper. Curico | H102: TDA-ISLA CUIDADO PERSONAL | I102: Vendedor(A) | J102: F | K102: 26633 | L102: 44398 | M102: 44398 | N102: =+IF(Tabla4[[#This Row],[I. Contrato]]=Tabla4[[#This Row],[Indemnizable]],"si","no") -> si | O102: 219516 | P102: 30 | Q102: INDEFINIDO | R102: Abernycurico@Gmail.Com | S102: STFC
B103: 11558016 | C103: 7 | D103: 822531 | E103: NUÑEZ RAMIREZ ROBERTO EDUARDO | F103: 2333 | G103: Gcia. Per.Adm. Y Oper. Curico | H103: TDA- BODEGA CENTRALIZADA | I103: Asistente De Bodega | J103: M | K103: 25660 | L103: 43059 | M103: 43059 | N103: =+IF(Tabla4[[#This Row],[I. Contrato]]=Tabla4[[#This Row],[Indemnizable]],"si","no") -> si | O103: 219516 | P103: 45 | Q103: INDEFINIDO | R103: Amandi.Pascalle@Gmail.Com | S103: Sind. N° 1
B104: 13458437 | C104: 8 | D104: 730416 | E104: ORMAZABAL MENDEZ KARINA DEL ROSARIO | F104: 2333 | G104: Gcia. Per.Adm. Y Oper. Curico | H104: TDA-CAJAS | I104: Cajera(O) - Empaque | J104: F | K104: 28740 | L104: 41218 | M104: 41218 | N104: =+IF(Tabla4[[#This Row],[I. Contrato]]=Tabla4[[#This Row],[Indemnizable]],"si","no") -> si | O104: 219516 | P104: 45 | Q104: INDEFINIDO | R104: Karina_Ormazabal_M@Hotmail.Com | S104: Sind. N° 1
B105: 12873955 | C105: 6 | D105: 258881 | E105: OSORIO BRAVO MARITZA IVONNE | F105: 2333 | G105: Gcia. Per.Adm. Y Oper. Curico | H105: TDA-PEQUEÑOS ELECTRODOMÉSTICOS | I105: Vendedor(A) | J105: F | K105: 27399 | L105: 40623 | M105: 40623 | N105: =+IF(Tabla4[[#This Row],[I. Contrato]]=Tabla4[[#This Row],[Indemnizable]],"si","no") -> si | O105: 219516 | P105: 45 | Q105: INDEFINIDO | R105: Maritza_5@Msn.Com | S105: Sind. N° 1
B106: 15946978 | C106: 6 | D106: 673595 | E106: OSORIO TAPIA CAROLINA CONSTANZA | F106: 2333 | G106: Gcia. Per.Adm. Y Oper. Curico | H106: TDA-CORSETERIA Y LENCERIA GENERICO | I106: Asesor De Clientes | J106: F | K106: 31033 | L106: 41918 | M106: 41918 | N106: =+IF(Tabla4[[#This Row],[I. Contrato]]=Tabla4[[#This Row],[Indemnizable]],"si","no") -> si | O106: 219516 | P106: 20 | Q106: INDEFINIDO | R106: Ccot.2701@Gmail.Com | S106: STFC
B107: 17339236 | C107: 2 | D107: 901695 | E107: OYARZUN IBARRA HERNAN ANDRES | F107: 2333 | G107: Gcia. Per.Adm. Y Oper. Curico | H107: TDA-PROBADORES | I107: Asesor De Clientes | J107: M | K107: 32872 | L107: 42898 | M107: 42898 | N107: =+IF(Tabla4[[#This Row],[I. Contrato]]=Tabla4[[#This Row],[Indemnizable]],"si","no") -> si | O107: 219516 | P107: 20 | Q107: INDEFINIDO | R107: Blancaibarraramirez1@Gmail.Com | S107: Sind. N° 1
B108: 10609700 | C108: 3 | D108: 692298 | E108: PACHECO FUENZALIDA MARCELA PAZ | F108: 2333 | G108: Gcia. Per.Adm. Y Oper. Curico | H108: TDA-CAJAS | I108: Cajera(O) - Empaque | J108: F | K108: 26420 | L108: 41750 | M108: 41750 | N108: =+IF(Tabla4[[#This Row],[I. Contrato]]=Tabla4[[#This Row],[Indemnizable]],"si","no") -> si | O108: 219516 | P108: 45 | Q108: INDEFINIDO | R108: Marpachefu@Hotmail.Com | S108: Sind. N° 1
B109: 17228778 | C109: 6 | D109: 781843 | E109: PALMA PACHECO RUTH NOEMI | F109: 2333 | G109: Gcia. Per.Adm. Y Oper. Curico | H109: TDA-CAJAS | I109: Cajera(O) - Empaque | J109: F | K109: 32767 | L109: 42842 | M109: 42842 | N109: =+IF(Tabla4[[#This Row],[I. Contrato]]=Tabla4[[#This Row],[Indemnizable]],"si","no") -> si | O109: 219516 | P109: 30 | Q109: INDEFINIDO | R109: Rpalmapach@Gmail.Com | S109: Sind. N° 1
... B117: 18577213 | C117: 6 | D117: 683450 | E117: PLAZA SILVA TAMARA BELEN | F117: 2333 | G117: Gcia. Per.Adm. Y Oper. Curico | H117: TDA-ISLA CUIDADO PERSONAL | I117: Vendedor(A) | J117: F | K117: 34224 | L117: 44907 | M117: 44907 | N117: =+IF(Tabla4[[#This Row],[I. Contrato]]=Tabla4[[#This Row],[Indemnizable]],"si","no") -> si | O117: 219516 | P117: 30 | Q117: INDEFINIDO | R117: Tamarabelenps@Hotmail.Com | S117: STFC
B118: 20150385 | C118: K | D118: 842346 | E118: POBLETE SOTO MARIA FERNANDA | F118: 2333 | G118: Gcia. Per.Adm. Y Oper. Curico | H118: TDA-NIÑAS (2-6) | I118: Asesor De Clientes | J118: F | K118: 33160 | L118: 42562 | M118: 42562 | N118: =+IF(Tabla4[[#This Row],[I. Contrato]]=Tabla4[[#This Row],[Indemnizable]],"si","no") -> si | O118: 219516 | P118: 20 | Q118: INDEFINIDO | R118: Mfernanda.Psoto@Gmail.Com | S118: Sind. N° 1
B119: 12783112 | C119: 2 | D119: 508098 | E119: QUEZADA ALMUNA YISLEN ANN | F119: 2333 | G119: Gcia. Per.Adm. Y Oper. Curico | H119: TDA-CALZADO DAMAS GENERICO | I119: Vendedor(A) | J119: F | K119: 27404 | L119: 40882 | M119: 40882 | N119: =+IF(Tabla4[[#This Row],[I. Contrato]]=Tabla4[[#This Row],[Indemnizable]],"si","no") -> si | O119: 219516 | P119: 45 | Q119: INDEFINIDO | R119: Yislenquezada@Hotmail.Com | S119: Sind. N° 1
B120: 9771330 | C120: 8 | D120: 396044 | E120: QUIJADA MARTINEZ ROXANA PAOLA | F120: 2333 | G120: Gcia. Per.Adm. Y Oper. Curico | H120: TDA-MUEBLES | I120: Vendedor(A) | J120: F | K120: 25026 | L120: 41309 | M120: 41309 | N120: =+IF(Tabla4[[#This Row],[I. Contrato]]=Tabla4[[#This Row],[Indemnizable]],"si","no") -> si | O120: 219516 | P120: 45 | Q120: INDEFINIDO | R120: Roypoxi1@Gmail.Com | S120: STFC
B121: 15127046 | C121: 8 | D121: 664510 | E121: RAMIREZ MORALES CARLOS DAVID | F121: 2333 | G121: Gcia. Per.Adm. Y Oper. Curico | H121: TDA-ISLA CELULARES | I121: Vendedor(A) | J121: M | K121: 29978 | L121: 40350 | M121: 40350 | N121: =+IF(Tabla4[[#This Row],[I. Contrato]]=Tabla4[[#This Row],[Indemnizable]],"si","no") -> si | O121: 219516 | P121: 25 | Q121: INDEFINIDO | R121: Deividcar@Hotmail.Com | S121: Sind. N° 1
...

Sheet STFC
A1: n° | B1: Rut | C1: DV | D1: Nombre Completo Empleado | E1: S. base | F1: Jor | G1: Gratif. | H1: Departamento | I1: n° cargo nuevo | J1: cargo nuevo | K1: Cargo Antiguo | L1: Inicio Contrato | M1: ANTIGÜEDAD | N1: Nacimiento | O1: correo | P1: Direccion | Q1: Comuna | R1: celular | S1: Estado Civil | T1: Salud | U1: BONO BRIGADISTA | V1: ASIG. FAMILIAR | W1: BONO PUNT. AUT. | X1: BONO ASIST. AUT. | Y1: MOVIL. | Z1: COLA. | AA1: INCENTIVO CONFIABILIDAD | AB1: ASIG.DE CAJA VENDEDORES | AC1: PREMIO CUMPL.GRUPAL NPS | AD1: PREMIO CUMPL.GRUPAL VTAS | AE1: PREMIO SEMESTRAL | AF1: EXCELENCIA ACADEMICA | AG1: COMISION CONNECT AUT | AH1: BONO TRABAJO NOCTURNO | AI1: QUIEBRE STOCK | AJ1: BENEFICIO NACIMIENTO | AK1: BENEFICIO DEFUNCION | AL1: BONO INVENTARIO | AM1: INCENTIVO PRODUC CAJAS AUT | AN1: COM.EFEC. | AO1: SEMANA CORRIDA | AP1: BONO CLICK AND COLLECT | AQ1: CONCURSO FPAY | AR1: INCENTIVO TIENDA CD/SFS | AS1: PREMIO VENTA TIENDA AUT. | AT1: INCENTIVO SELF CHECK OUT AUT | AU1: PREMIO CLICK AND COLLECT | AV1: PREMIO MARCA | AW1: COMISION CYD
A2: 1 | B2: 13785813 | C2: 4 | D2: AGUILAR OYARZO LORETO SAN JUAN | F2: 45 | G2: CT | H2: TDA-SPORT DAMAS GENERICO | I2: 2866 | J2: Asesor De Clientes | K2: Asesor De Compras | L2: 42695 | M2: =+(TODAY()-L2)/365 -> 8.0575342 | N2: 28985 | O2: Loreaguilar1005@gmail.com | P2: Galilea pasaje tarento 1589 | Q2: Curicó | R2: 966594262 | S2: Casado (a) | T2: FONASA | W2: 18738 | X2: 18738 | Y2: 20460 | Z2: 15520 | AC2: 30000 | AN2: 200 | AO2: 5498 | AP2: 25000 | AQ2: 12825 | AR2: 20000 | AS2: 127783 | AU2: 20000
A3: 2 | B3: 17155397 | C3: 0 | D3: AGUILERA AGUILERA JEREMY ALEXSANDER | F3: 45 | G3: CT | H3: TDA-AUDIO/VIDEO | I3: 679 | J3: Vendedor(A) | K3: Asesor De Compras | L3: 40742 | M3: =+(TODAY()-L3)/365 -> 13.408219 | N3: 32507 | O3: aguilera.jeremy@gmail.com | P3: Apóstol Andrés 1538 | Q3: Curicó | R3: 996407837 | S3: Soltero (a) | T3: ISAPRE | U3: 60000 | Y3: 20460 | Z3: 15520 | AN3: 481515 | AO3: 157272 | AQ3: 1163 | AW3: 14350
A4: 3 | B4: 14399370 | C4: 1 | D4: APABLAZA RUZ MARIA XIMENA | F4: 30 | G4: CT | H4: TDA-CONFECCION DAMAS GENERICO | I4: 2866 | J4: Asesor De Clientes | K4: Asesor De Compras | L4: 40519 | M4: =+(TODAY()-L4)/365 -> 14.019178 | N4: 28763 | O4: Ximena.apablaza@hotmail.com | P4: Luis cruz Martínez 452 Luis cruz | Q4: Curicó | R4: 999482239 | S4: Casado (a) | T4: FONASA | V4: 9571 | W4: 4164 | X4: 4164 | Y4: 8184 | Z4: 6208 | AC4: 20000 | AN4: 2000 | AO4: 2522 | AP4: 16667 | AQ4: 5438 | AR4: 13333 | AS4: 29302 | AU4: 13333
A5: 4 | B5: 17441446 | C5: 7 | D5: ARANIZ MARTINEZ DENISSE VANESSA | F5: 45 | G5: CT | H5: TDA-DISPLAY | I5: 48 | J5: Asistente De Display | K5: Asistente De Display | L5: 44539 | M5: =+(TODAY()-L5)/365 -> 3.0054795 | N5: 32818 | W5: 11243 | X5: 11243 | Y5: 14322 | Z5: 10864 | AO5: 0
A6: 5 | B6: 16858860 | C6: 7 | D6: ARAVENA VASQUEZ RITA NORMA | F6: 20 | G6: CT | H6: TDA-PREV.PERD. Y PROT.ACTIVOS | I6: 653 | J6: Guardia | K6: Guardia | L6: 45213 | M6: =+(TODAY()-L6)/365 -> 1.1589041 | N6: 32232 | O6: R23232023@GMAIL.COM | P6: RAUQUEN. LAS ROSAS, CASA N°9 | Q6: Curico | R6: 96296590
A7: 6 | B7: =+'TDA CURICO'!B13 -> 20178047 | C7: =+'TDA CURICO'!C13 -> 0 | D7: =+'TDA CURICO'!E13 -> BARRIOS REYES JOAQUIN FERNANDO | F7: 45 | G7: CT | H7: TDA-PROBADORES | J7: Trainee De Seguridad | L7: 45356 | M7: =+(TODAY()-L7)/365 -> 0.76712329 | N7: 36194 | O7: Joakobreyes@Gmail.Com
A8: 7 | B8: 20122174 | C8: 9 | D8: BECERRA BECERRA KARIM CAMILA | F8: 20 | G8: CT | H8: TDA-CAJAS | J8: Cajera(O) - Empaque | K8: Asesor De Compras | L8: 45019 | M8: =+(TODAY()-L8)/365 -> 1.690411 | N8: 36249 | O8: karincamilab@outlook.com | P8: Villa Doña Carmen, pasaje los Jasminez | R8: 965153719
A9: 8 | B9: 18028807 | C9: 4 | D9: BERNAL BAHAMONDES LUIS FELIPE | F9: 45 | G9: CT | H9: TDA-PERFUMERIA SELECTIVA GENERICA | I9: 2866 | J9: Consultor Perfumeria | K9: Consultor Perfumeria | L9: 45180 | M9: =+(TODAY()-L9)/365 -> 1.2493151 | N9: 33877 | O9: luisfelipebernalb@gmail.com | P9: Cloroformo Valenzuela #760, depto. D-54 | Q9: Curico | R9: 949815248
A10: 9 | B10: 20663038 | C10: 8 | D10: BRAVO ALISTE CONSTANZA SOLEDAD | F10: 20 | G10: CT | H10: TDA-PERFUMERIA SELECTIVA GENERICA | I10: 2866 | J10: Consultor Perfumeria | K10: Consultor Perfumeria | L10: 45180 | M10: =+(TODAY()-L10)/365 -> 1.2493151 | N10: 45175 | O10: bravoalistec@gmail.com | P10: Maria Luisa Bombal #1555 | Q10: Curico | R10: 935833649
A11: 10 | B11: 17155794 | C11: 1 | D11: BRAVO MORALES JOSE LUIS | F11: 45 | G11: CT | H11: TDA-PREV.PERD. Y PROT.ACTIVOS | I11: 653 | J11: Guardia | K11: Guardia | L11: 43389 | M11: =+(TODAY()-L11)/365 -> 6.1561644 | N11: 32541 | W11: 18738 | X11: 18738 | Y11: 17391 | Z11: 13192 | AL11: 24655 | AO11: 0
A12: 11 | B12: 15850392 | C12: 1 | D12: BUENO CUETO RICARDO ANTONIO | F12: 45 | G12: CT | H12: TDA-PREV.PERD. Y PROT.ACTIVOS | I12: 653 | J12: Guardia | K12: Guardia | L12: 44417 | M12: =+(TODAY()-L12)/365 -> 3.339726 | N12: 30847 | W12: 18738 | X12: 18738 | Y12: 22506 | Z12: 17072 | AH12: 30000 | AO12: 0
A13: 12 | B13: 21609803 | C13: K | D13: BUSTOS VARELA MARIA PAZ | F13: 20 | G13: CT | H13: TDA-CAJAS | I13: 741 | J13: Cajera(O) - Empaque | K13: Cajera(O) - Empaque | L13: 44826 | M13: =+(TODAY()-L13)/365 -> 2.2191781 | N13: 38167
A14: 13 | B14: 19768878 | C14: 5 | D14: CABRERA LLEVENES ESCARLET BELEN | F14: 20 | G14: CT | H14: TDA-PREV.PERD. Y PROT.ACTIVOS | I14: 653 | J14: Guardia | K14: Guardia | L14: 45264 | M14: =+(TODAY()-L14)/365 -> 1.0191781 | N14: 36232 | O14: escarletbelén@gmail.com | P14: Valles de Casa Blanca pasaje 14 | Q14: Molina | R14: 990032465
A15: 14 | B15: 17592613 | C15: 5 | D15: CALIBAR JARA BARBARA CONSUELO | F15: 30 | G15: CT | H15: TDA-CALZADO DAMAS GENERICO | I15: 679 | J15: Vendedor(A) | K15: Vendedor(A) | L15: 43800 | M15: =+(TODAY()-L15)/365 -> 5.030137 | N15: 33074 | O15: b.cabilar.portia@gmail.com | P15: Hacienda El Boldo II calle Lleuque #2638 | Q15: Curico | R15: 955312076
A16: 15 | B16: 14051199 | C16: 4 | D16: CANALES JUICA CAROLINA ANDREA | F16: 30 | G16: CT | H16: TDA-CONFECCION DAMAS GENERICO | I16: 2866 | J16: Asesor De Clientes | K16: Asesor De Compras | L16: 43318 | M16: =+(TODAY()-L16)/365 -> 6.3506849 | N16: 29650 | O16: carolinacanales30@gmail.com | P16: Pob. Villa Los Niches psje. 30 de Julio #127 | Q16: Curicó | R16: 957448709 | S16: Casado (a) | T16: FONASA | W16: 12492 | X16: 12492 | Y16: 17391 | Z16: 13192 | AC16: 20000 | AO16: 2541 | AP16: 16667 | AQ16: 7200 | AR16: 13333 | AS16: 82214 | AU16: 13333
A17: 16 | B17: 20509166 | C17: 1 | D17: CARIAGA GAVILAN GENESIS ISAMAR | F17: 30 | G17: CT | H17: TDA-CAJAS | I17: 741 | J17: Cajera(O) - Empaque | K17: Cajera(O) - Empaque | L17: 44824 | M17: =+(TODAY()-L17)/365 -> 2.2246575 | N17: 36790
A18: 17 | B18: 10658936 | C18: 4 | D18: CARRASCO RAMIREZ MARISOL DEL CARMEN | F18: 45 | G18: ST | H18: TDA-PREV.PERD. Y PROT.ACTIVOS | I18: 653 | J18: Guardia | K18: Guardia | L18: 38322 | M18: =+(TODAY()-L18)/365 -> 20.038356 | N18: 23471 | O18: amanda.sofia.quilhot@gmail.com | P18: Callé agua helada 2535 | Q18: Curicó | R18: 985542454 | S18: Soltero (a) | T18: FONASA | W18: 0 | X18: 18738 | Y18: 18414 | Z18: 13968 | AO18: 0
A19: 18 | B19: 19610872 | C19: 6 | D19: CELEDON MARDONEZ NATALIA NOEMI | F19: 20 | G19: CT | H19: TDA-SPORT HOMBRES | I19: 2866 | J19: Asesor De Clientes | K19: Asesor De Compras | L19: 45019 | M19: =+(TODAY()-L19)/365 -> 1.690411 | N19: 35647 | O19: natalia.celeron.mardonez@gmail.com | P19: Villa Cataluña Barcelona #771 | Q19: Curico | R19: 976033019
A20: 19 | B20: 19998291 | C20: 5 | D20: CONTRERAS ALVAREZ ALEXIA FABIOLA | F20: 30 | G20: CT | H20: TDA-RINCON JUVENIL DAMAS GENERICO | I20: 2866 | J20: Asesor De Clientes | K20: Asesor De Compras | L20: 43374 | M20: =+(TODAY()-L20)/365 -> 6.1972603 | N20: 36102 | W20: 6662 | X20: 6662 | Y20: 11253 | Z20: 8536 | AN20: 2828 | AO20: 514 | AS20: 43544
A21: 20 | B21: 10228847 | C21: 5 | D21: CONTRERAS CASTRO JAQUELINE DEL CARMEN | F21: 20 | G21: CT | H21: TDA-CAJAS | I21: 741 | J21: Cajera(O) - Empaque | K21: Cajera(O) - Empaque | L21: 44826 | M21: =+(TODAY()-L21)/365 -> 2.2191781 | N21: 23695
A22: 21 | B22: 14499879 | C22: 0 | D22: CONTRERAS PEREDO PURISIMA DE LAS MERC | F22: 45 | G22: CT | H22: TDA-NIÑOS (2-6) | I22: 2866 | J22: Asesor De Clientes | K22: Asesor De Compras | L22: 42968 | M22: =+(TODAY()-L22)/365 -> 7.309589 | N22: 27827 | O22: puricontrerasp@gmail.com | P22: Calle Roma 1944 villa Galilea | Q22: Curicó | R22: 996969501 | S22: Casado (a) | T22: FONASA | U22: 60000 | W22: 0 | X22: 18738 | Y22: 11253 | Z22: 8536 | AC22: 30000 | AO22: 154 | AP22: 25000 | AQ22: 338 | AR22: 20000 | AS22: 134804 | AU22: 20000
A23: 22 | B23: 17980549 | C23: 9 | D23: CORNEJO SAAVEDRA KAROL NIDIA | F23: 30 | G23: CT | H23: TDA-RINCON JUVENIL DAMAS GENERICO | I23: 2866 | J23: Asesor De Clientes | K23: Asesor De Compras | L23: 43255 | M23: =+(TODAY()-L23)/365 -> 6.5232877 | N23: 33572 | W23: 12492 | X23: 12492 | Y23: 20460 | Z23: 15520 | AC23: 20000 | AN23: 300 | AO23: 698 | AP23: 16667 | AQ23: 2025 | AR23: 13333 | AS23: 82389 | AU23: 13333
A24: 23 | B24: 15138844 | C24: 2 | D24: DIAZ DIAZ MARIA JOSE | F24: 20 | G24: CT | H24: TDA-CAJAS | I24: 741 | J24: Cajera(O) - Empaque | K24: Cajera(O) - Empaque | L24: 44398 | M24: =+(TODAY()-L24)/365 -> 3.3917808 | N24: 30275 | W24: 8328 | X24: 8328 | Y24: 8184 | Z24: 6208 | AM24: 15875 | AN24: 300 | AO24: 0 | AQ24: 34875 | AT24: 17400
A25: 24 | B25: 21478843 | C25: 8 | D25: DIAZ SEPULVEDA LEONOR MACKARENA | F25: 20 | G25: CT | H25: TDA-SPORT HOMBRES | J25: Asesor De Clientes | L25: 44824 | M25: =+(TODAY()-L25)/365 -> 2.2246575 | N25: 37990
A26: 25 | B26: 13351507 | C26: 0 | D26: DUARTE MIRANDA PRISILA DEL CARMEN | F26: 25 | G26: CT | H26: TDA-AUDIO/VIDEO | I26: 679 | J26: Vendedor(A) | K26: Vendedor(A) | L26: 38384 | M26: =+(TODAY()-L26)/365 -> 19.868493 | N26: 28608 | V26: 9075 | Y26: 18414 | Z26: 13968 | AB26: 11250 | AN26: 224580 | AO26: 82160 | AQ26: 600 | AW26: 8050
A27: 26 | B27: 14287355 | C27: 9 | D27: DURAN VALENZUELA LUIS OSVALDO | F27: 45 | G27: ST | H27: TDA-PREV.PERD. Y PROT.ACTIVOS | I27: 653 | J27: Guardia | K27: Guardia | L27: 38005 | M27: =+(TODAY()-L27)/365 -> 20.906849 | N27: 27347 | W27: 0 | X27: 13117 | Y27: 15345 | Z27: 11640 | AO27: 0
A28: 27 | B28: 17981225 | C28: 8 | D28: ECHEVERRIA NUÑEZ JUAN ROSENDO | F28: 45 | G28: CT | H28: TDA-PREV.PERD. Y PROT.ACTIVOS | I28: 653 | J28: Guardia | K28: Guardia | L28: 42534 | M28: =+(TODAY()-L28)/365 -> 8.4986301 | N28: 33829 | O28: Juan.echeverrianunez.12@gmail.com | P28: Camino pulmodon s/n itahue | Q28: Molina | R28: 999952164 | S28: Soltero (a) | T28: FONASA | W28: 18738 | X28: 18738 | Y28: 21483 | Z28: 16296 | AO28: 0
A29: 28 | B29: 10409683 | C29: 2 | D29: ELUCHANS SANHUEZA HERTA ELENA | F29: 30 | G29: CT | H29: TDA-NIÑOS (2-6) | I29: 2866 | J29: Asesor De Clientes | K29: Asesor De Compras | L29: 44515 | M29: =+(TODAY()-L29)/365 -> 3.0712329 | N29: 24124 | V29: 9571 | W29: 12492 | X29: 12492 | Y29: 21483 | Z29: 16296 | AC29: 20000 | AO29: 0 | AP29: 16667 | AR29: 13333 | AS29: 90377 | AU29: 13333
A30: 29 | B30: 11371360 | C30: 7 | D30: ESPINOZA CERECEDA LUIS FELIX | F30: 45 | G30: ST | H30: TDA-PREV.PERD. Y PROT.ACTIVOS | I30: 653 | J30: Guardia | K30: Guardia | L30: 38671 | M30: =+(TODAY()-L30)/365 -> 19.082192 | N30: 25544 | O30: felix69@live.cl | P30: Bombero Garrido pasaje luciano 1110 | Q30: Curicó | R30: 964250934 | S30: Soltero (a) | T30: ISAPRE | W30: 18738 | X30: 18738 | Y30: 21483 | Z30: 16296 | AO30: 0
A31: 30 | B31: 10466538 | C31: 1 | D31: FAUNDEZ CAMPOS GUILLERMO ESTEBAN | F31: 45 | G31: ST | H31: TDA-PREV.PERD. Y PROT.ACTIVOS | I31: 653 | J31: Guardia | K31: Guardia | L31: 39146 | M31: =+(TODAY()-L31)/365 -> 17.780822 | N31: 24011 | O31: guillermofaundez65@gmail.com | P31: Rauquen don Sebastian calle Le Mans#1256 Curico | Q31: Curicó | R31: 958319011 | S31: Soltero (a) | T31: FONASA | W31: 18738 | X31: 18738 | Y31: 21483 | Z31: 16296 | AH31: 30000 | AO31: 0
A32: 31 | B32: 12416653 | C32: 5 | D32: FUENZALIDA FUENTE RUHAMA PAULINA | F32: 18 | G32: CT | H32: TDA-MUEBLES | I32: 679 | J32: Vendedor(A) | K32: Vendedor(A) | L32: 40182 | M32: =+(TODAY()-L32)/365 -> 14.942466 | N32: 26837 | O32: rpaulinafuenzalida@gmail.com | P32: Mejillones 2 pasaje Isla lifen 0217 | Q32: Curicó | R32: 954465532 | S32: Divorc(a) Separ(a) | T32: FONASA | Y32: 8184 | Z32: 6208 | AB32: 5000 | AN32: 181238 | AO32: 0 | AQ32: 900 | AW32: 12250
A33: 32 | B33: 17374147 | C33: 2 | D33: GATICA CORNEJO JORDAN ALAN | F33: 45 | G33: CT | H33: TDA-DISPLAY | I33: 48 | J33: Asistente De Display | K33: Asistente De Display | L33: 44109 | M33: =+(TODAY()-L33)/365 -> 4.1835616 | N33: 32948 | W33: 0 | X33: 18738 | Y33: 20460 | Z33: 15520 | AO33: 0 | AP33: 10417
A34: 33 | B34: 13352679 | C34: K | D34: GAVILAN ROJAS ISABEL DEL CARMEN | F34: 30 | G34: CT | H34: TDA-CAJAS | I34: 741 | J34: Cajera(O) - Empaque | K34: Cajera(O) - Empaque | L34: 41309 | M34: =+(TODAY()-L34)/365 -> 11.854795 | N34: 28813 | O34: Isabelgavilanrojas0206@gmail.com | P34: Pobl. Sol de sept Lauca 393 | Q34: Curicó | R34: 994959989 | S34: Divorc(a) Separ(a) | T34: FONASA | W34: 12492 | X34: 12492 | Y34: 16368 | Z34: 12416 | AB34: 17019 | AF34: 187500 | AM34: 134375 | AN34: 6300 | AO34: 72928 | AQ34: 52125 | AT34: 18570
A35: 34 | B35: 17795856 | C35: 5 | D35: GONZALEZ SILVA ABRAHAM ELIAS | F35: 45 | G35: CT | H35: TDA-PREV.PERD. Y PROT.ACTIVOS | I35: 653 | J35: Guardia | K35: Guardia | L35: 40679 | M35: =+(TODAY()-L35)/365 -> 13.580822 | N35: 33305 | O35: aegonzalezsilva@gmail.com | P35: Villa Nueva Galilea #2118 | Q35: Curicó | R35: 954453036 | S35: Casado (a) | T35: FONASA | U35: 60000 | V35: 6050 | W35: 18738 | X35: 18738 | Y35: 10230 | Z35: 7760 | AO35: 0
A36: 35 | B36: 17214601 | C36: 5 | D36: GONZALEZ ULLOA VALESCA ALEJANDRA | F36: 20 | G36: CT | H36: TDA-PROBADORES | I36: 2866 | J36: Asesor De Clientes | K36: Asistente De Probadores | L36: 43423 | M36: =+(TODAY()-L36)/365 -> 6.0630137 | N36: 32533 | O36: valescagonzalez25@gmail.com | P36: Bombero Garrido pj san marcos 1862 | Q36: Curicó | R36: 935613179 | S36: Soltero (a) | T36: FONASA | W36: 8328 | X36: 0 | Y36: 7161 | Z36: 5432 | AC36: 13333 | AN36: 1600 | AO36: 0 | AP36: 11111 | AQ36: 3125 | AR36: 8889 | AS36: 40875 | AU36: 8889
A37: 36 | B37: 18577117 | C37: 2 | D37: HERRERA NAVARRO CONSTANZA NICOLE | F37: 45 | G37: CT | H37: TDA-RINCON JUVENIL HOMBRES GENERICO | I37: 2866 | J37: Asesor De Clientes | K37: Asesor De Compras | L37: 43318 | M37: =+(TODAY()-L37)/365 -> 6.3506849 | N37: 34201 | O37: constanza.h19@gmail.com | P37: villa padre hurtado pasaje 7 cardenal antonio samore 1062 | Q37: Curicó | R37: 950259879 | S37: Soltero (a) | T37: FONASA | V37: 3025 | W37: 18738 | X37: 18738 | Y37: 17391 | Z37: 13192 | AC37: 30000 | AL37: 24655 | AO37: 2002 | AP37: 25000 | AQ37: 38 | AR37: 20000 | AS37: 128460 | AU37: 20000
A38: 37 | B38: 15850696 | C38: 3 | D38: HERRERA OLIVOS ANGELO ENRIQUE | F38: 40 | G38: CT | H38: TDA-CALZADO INFANTIL GENERICO | I38: 679 | J38: Vendedor(A) | K38: Vendedor(A) | L38: 38507 | M38: =+(TODAY()-L38)/365 -> 19.531507 | N38: 30966 | Y38: 20460 | Z38: 15520 | AB38: 12500 | AN38: 233427 | AO38: 96755 | AQ38: 4388 | AW38: 84700
A39: 38 | B39: 9503353 | C39: 9 | D39: IBARRA CONCHA TATIANA ISABEL | F39: 45 | G39: ST | H39: TDA- BODEGA CENTRALIZADA | I39: 2865 | J39: Asistente De Bodegas | K39: Asistente De Bodega | L39: 38504 | M39: =+(TODAY()-L39)/365 -> 19.539726 | N39: 22792 | W39: 18738 | X39: 18738 | Y39: 11253 | Z39: 8536 | AA39: 40000 | AC39: 40000 | AI39: 40000 | AO39: 0 | AP39: 25000
A40: 39 | B40: 21284551 | C40: 5 | D40: LEIVA DIAZ LUIS FELIPE | F40: 20 | G40: CT | H40: TDA- BODEGA CENTRALIZADA | I40: 2865 | J40: Asistente De Bodegas | K40: Asistente De Trastienda Calzado | L40: 44473 | M40: =+(TODAY()-L40)/365 -> 3.1863014 | N40: 37733 | W40: 0 | X40: 0 | Y40: 7161 | Z40: 5432 | AA40: 17778 | AC40: 17778 | AI40: 17778 | AO40: 0 | AP40: 11111
A41: 40 | B41: 18349995 | C41: 5 | D41: LOPEZ AVILES ROMINA ANDREA | F41: 30 | G41: CT | H41: TDA-SPORT HOMBRES | I41: 2866 | J41: Asesor De Clientes | K41: Asesor De Compras | L41: 41946 | M41: =+(TODAY()-L41)/365 -> 10.109589 | N41: 34086 | O41: Lopezromina1402@gmail.com | P41: Villa Luis Orrego luco | Q41: Curicó | R41: 920404252 | S41: Soltero (a) | T41: FONASA | W41: 12492 | X41: 12492 | Y41: 18414 | Z41: 13968 | AC41: 20000 | AO41: 383 | AP41: 15278 | AQ41: 150 | AR41: 13333 | AS41: 81937 | AU41: 13333
A42: 41 | B42: 14285611 | C42: 5 | D42: LUEIZA GONZALEZ ELISA NATALIA | F42: 40 | G42: CT | H42: TDA-ISLA CELULARES | I42: 679 | J42: Vendedor(A) | K42: Vendedor(A) | L42: 36754 | M42: =+(TODAY()-L42)/365 -> 24.334247 | N42: 27113 | O42: ly.nlgpagliaro@gmail.com | P42: Pje reinas luisas #395 "Los Aromos" | Q42: Curicó | R42: 994925504 | S42: Casado (a) | T42: FONASA | Y42: 18414 | Z42: 13968 | AB42: 11250 | AG42: 464000 | AN42: 404600 | AO42: 293958 | AQ42: 1125 | AW42: 4200
A43: 42 | B43: 14506328 | C43: 0 | D43: LUNA LUNA EDITH DE LAS MERCEDE | F43: 30 | G43: CT | H43: TDA-ZAPATILLAS | I43: 679 | J43: Vendedor(A) | K43: Vendedor(A) | L43: 40651 | M43: =+(TODAY()-L43)/365 -> 13.657534 | N43: 27767 | O43: eluna2008luna@gmail.com | P43: Laguna encantada 2260 | Q43: Curicó | R43: 993529973 | S43: Soltero (a) | T43: FONASA | V43: 19142 | Y43: 21483 | Z43: 16296 | AB43: 13125 | AN43: 162034 | AO43: 65460 | AQ43: 2325 | AW43: 64750
A44: 43 | B44: 9390703 | C44: 5 | D44: MANZO VERGARA CECILIA DEL CARMEN | F44: 45 | G44: CT | H44: TDA-CALZADO DAMAS GENERICO | I44: 679 | J44: Vendedor(A) | K44: Vendedor(A) | L44: 39300 | M44: =+(TODAY()-L44)/365 -> 17.358904 | N44: 23915 | AO44: 0
A45: 44 | B45: 16023715 | C45: 5 | D45: MEDINA FARIAS INGRID SOLEDAD | F45: 30 | G45: CT | H45: TDA-PERFUMERIA SELECTIVA GENERICA | I45: 2866 | J45: Asesor De Clientes | K45: Asesor De Compras | L45: 43136 | M45: =+(TODAY()-L45)/365 -> 6.8493151 | N45: 31134 | O45: Ingridsoledad85@hotmail.com | P45: Bombero garrido pasaje san jorge 967 | Q45: Curicó | R45: 968443944 | S45: Soltero (a) | T45: FONASA | V45: 19142 | W45: 0 | X45: 12492 | Y45: 20460 | Z45: 15520 | AC45: 19333 | AN45: 9595 | AO45: 4697 | AP45: 13889 | AQ45: 6063 | AR45: 12889 | AS45: 70829 | AU45: 12889
A46: 45 | B46: 17882371 | C46: K | D46: MUÑOZ ALARCON MARIA LUISA | F46: 45 | G46: CT | H46: TDA-CORSETERIA Y LENCERIA GENERICO | I46: 2866 | J46: Asesor De Clientes | K46: Asesor Multimarca | L46: 42681 | M46: =+(TODAY()-L46)/365 -> 8.0958904 | N46: 33551 | O46: sofiamorismunoz@gmail.com | P46: La obra los niches | Q46: Curicó | R46: 946747877 | S46: Soltero (a) | T46: FONASA | V46: 6050 | W46: 18738 | X46: 0 | Y46: 19437 | Z46: 14744 | AC46: 30000 | AN46: 2000 | AO46: 25824 | AP46: 25000 | AQ46: 74475 | AR46: 20000 | AS46: 122496 | AU46: 20000
A47: 46 | B47: 11558724 | C47: 2 | D47: MUÑOZ DIEDRICHS MIRIAM DEL CARMEN | F47: 45 | G47: CT | H47: TDA-TEXTIL | I47: 2866 | J47: Asesor De Clientes | K47: Asesor De Compras | L47: 41897 | M47: =+(TODAY()-L47)/365 -> 10.243836 | N47: 25830 | W47: 0 | X47: 0 | AO47: 0 | AS47: 0
A48: 47 | B48: 12371390 | C48: 7 | D48: NUÑEZ GUTIERREZ BERNARDITA | F48: 30 | G48: CT | H48: TDA-ISLA CUIDADO PERSONAL | I48: 679 | J48: Vendedor(A) | K48: Vendedor(A) | L48: 44398 | M48: =+(TODAY()-L48)/365 -> 3.3917808 | N48: 26633 | Y48: 20460 | Z48: 15520 | AN48: 217875 | AO48: 85249 | AQ48: 15688 | AW48: 47950
A49: 48 | B49: 15946978 | C49: 6 | D49: OSORIO TAPIA CAROLINA CONSTANZA | F49: 20 | G49: CT | H49: TDA-PERFUMERIA SELECTIVA GENERICA | I49: 2866 | J49: Asesor De Clientes | K49: Asistente De Probadores | L49: 41918 | M49: =+(TODAY()-L49)/365 -> 10.186301 | N49: 31033 | O49: Ccot.2701@gmail.com | P49: Pobl guaiquillo psj los almendros norte 820 | Q49: Curicó | R49: 967490207 | S49: Casado (a) | T49: FONASA | V49: 31194 | W49: 8328 | X49: 8328 | Y49: 6138 | Z49: 4656 | AC49: 13333 | AK49: 110854 | AO49: 0 | AP49: 11111 | AQ49: 33525 | AR49: 8889 | AS49: 49514 | AU49: 8889
A50: 49 | B50: 19699295 | C50: 2 | D50: PARRA QUIROZ VALESKA CLAUDIA | F50: 45 | G50: CT | H50: TDA-CALZADO DAMAS GENERICO | I50: 679 | J50: Vendedor(A) | K50: Vendedor(A) | L50: 43136 | M50: =+(TODAY()-L50)/365 -> 6.8493151 | N50: 35567 | O50: valeska.parraquiroz@gmail.com | P50: Camino Licantén 1587 casa 2 bombero Garrido | Q50: Curicó | R50: 973499875 | S50: Convive | T50: FONASA | AO50: 0
A51: 50 | B51: 17182108 | C51: 8 | D51: PERALTA ESPINOZA ANTONIO SEGUNDO | F51: 45 | G51: CT | H51: TDA-PREV.PERD. Y PROT.ACTIVOS | I51: 653 | J51: Guardia | K51: Guardia | L51: 42968 | M51: =+(TODAY()-L51)/365 -> 7.309589 | N51: 32661 | W51: 18738 | X51: 18738 | Y51: 22506 | Z51: 17072 | AL51: 24655 | AO51: 0
A52: 51 | B52: 18282236 | C52: 1 | D52: PEREDO HERNANDEZ JAIME ANDRES | F52: 45 | G52: CT | H52: TDA-PREV.PERD. Y PROT.ACTIVOS | I52: 653 | J52: Guardia | K52: Guardia | L52: 44417 | M52: =+(TODAY()-L52)/365 -> 3.339726 | N52: 33988 | W52: 18738 | X52: 18738 | Y52: 12276 | Z52: 9312 | AH52: 30000 | AJ52: 110854 | AO52: 0
A53: 52 | B53: 25735658 | C53: 2 | D53: PIMENTEL DE MONTOYA NICMARY LOREN | F53: 45 | G53: CT | H53: TDA-CALZADO DAMAS GENERICO | I53: 679 | J53: Vendedor(A) | K53: Vendedor(A) | L53: 42891 | M53: =+(TODAY()-L53)/365 -> 7.5205479 | N53: 28750 | O53: nicmaryp@hotmail.com | P53: Calle Leiden 1269 | Q53: Curicó | R53: 999602523 | S53: Casado (a) | T53: FONASA | Y53: 20460 | Z53: 15520 | AL53: 24655 | AN53: 267503 | AO53: 134615 | AQ53: 17063 | AW53: 164150
A54: 53 | B54: 18577213 | C54: 6 | D54: PLAZA SILVA TAMARA BELEN | F54: 30 | G54: CT | H54: TDA-ISLA CUIDADO PERSONAL | J54: Vendedor(A) | L54: 44907 | M54: =+(TODAY()-L54)/365 -> 1.9972603 | N54: 34224
A55: 54 | B55: 9771330 | C55: 8 | D55: QUIJADA MARTINEZ ROXANA PAOLA | F55: 40 | G55: CT | H55: TDA-MUEBLES | I55: 2866 | J55: Vendedor(A) | K55: Asesor De Compras | L55: 41309 | M55: =+(TODAY()-L55)/365 -> 11.854795 | N55: 25026 | O55: roypoxi1@gmail.com | P55: Boldo 1 pasaje 4 #2138 | Q55: Curicó | R55: 987800411 | S55: Convive | T55: FONASA | V55: 6050 | Y55: 18414 | Z55: 13968 | AC55: 30000 | AF55: 375000 | AL55: 24655 | AO55: 817 | AP55: 25000 | AQ55: 450 | AS55: 110614
A56: 55 | B56: 21764650 | C56: 2 | D56: RODRIGUEZ TORRES MATIAS ANDRES | F56: 20 | G56: CT | H56: TDA-PROBADORES | J56: Trainee De Seguridad | L56: 45339 | M56: =+(TODAY()-L56)/365 -> 0.81369863 | N56: 38375 | O56: Matias.Rodriguezt2014@Gmail.Com
A57: 56 | B57: 13266064 | C57: 6 | D57: REVECO DIAZ CAROLINA JONDYS | F57: 45 | G57: CT | H57: TDA-MANGO | I57: 983 | J57: Coordinadora de Ventas | K57: Coordinadora de Ventas | L57: 43073 | M57: =+(TODAY()-L57)/365 -> 7.0219178 | N57: 28272 | Y57: 1001 | Z57: 776 | AO57: 0 | AQ57: 31725
A58: 57 | B58: 12775545 | C58: 0 | D58: REYES ARAVENA RIGOBERTO ESTEBAN | F58: 45 | G58: ST | H58: TDA-PREV.PERD. Y PROT.ACTIVOS | I58: 436 | J58: Encargado De Seguridad | K58: Encargado De Seguridad | L58: 38596 | M58: =+(TODAY()-L58)/365 -> 19.287671 | N58: 27402 | O58: rreyesaravena@yahoo.com | P58: Calle San José 541 | Q58: Curicó | R58: 982974055 | S58: Casado (a) | T58: FONASA | V58: 9075 | Y58: 15345 | Z58: 11640 | AO58: 0
A59: 58 | B59: 11368841 | C59: 6 | D59: REYES CORREA MARIA ELENA | F59: 45 | G59: CT | H59: TDA-PREV.PERD. Y PROT.ACTIVOS | I59: 653 | J59: Guardia | K59: Guardia | L59: 41932 | M59: =+(TODAY()-L59)/365 -> 10.147945 | N59: 25541 | O59: Maaria.elenaa@gmail.com | P59: Apostol Tomas #1647..B Garrido | Q59: Curicó | R59: 985066906 | S59: Divorc(a) Separ(a) | T59: FONASA | W59: 18738 | X59: 0 | Y59: 20460 | Z59: 15520 | AO59: 0
A60: 59 | B60: 17509057 | C60: 6 | D60: RIVERA MORALES MARIA PAZ | F60: 45 | G60: CT | H60: TDA-NIÑAS (2-6) | I60: 2866 | J60: Asesor De Clientes | K60: Asesor De Compras | L60: 42296 | M60: =+(TODAY()-L60)/365 -> 9.1506849 | N60: 33013 | O60: Maririve81@gmail.com | P60: Valles de Molina calle 3 casa 3286 | Q60: Molina | R60: 946405721 | S60: Soltero (a) | T60: FONASA | U60: 60000 | W60: 18738 | X60: 18738 | Y60: 20460 | Z60: 15520 | AC60: 29000 | AL60: 24655 | AO60: 101 | AP60: 25000 | AQ60: 338 | AR60: 19333 | AS60: 121091 | AU60: 19333
A61: 60 | B61: 26619205 | C61: 3 | D61: RODRIGUEZ ORTEGA EMILY ANGELUZ | F61: 30 | G61: CT | H61: TDA-CAJAS | I61: 741 | J61: Cajera(O) - Empaque | K61: Cajera(O) - Empaque | L61: 44824 | M61: =+(TODAY()-L61)/365 -> 2.2246575 | N61: 34295
A62: 61 | B62: 17154771 | C62: 7 | D62: SAAVEDRA CUEVAS DENISSE NATALIE | F62: 40 | G62: CT | H62: TDA-RINCON JUVENIL DAMAS GENERICO | I62: 2866 | J62: Asesor De Clientes | K62: Asesor De Compras | L62: 41015 | M62: =+(TODAY()-L62)/365 -> 12.660274 | N62: 32434 | O62: nataliescrf@gmail.com | P62: villa Nueva Galilea pasaje lujo 2103 | Q62: Curicó | R62: 998315729 | S62: Soltero (a) | T62: FONASA | V62: 31194 | W62: 0 | X62: 0 | AO62: 0 | AP62: 6250 | AS62: 0
A63: 62 | B63: 20061719 | C63: 3 | D63: SAAVEDRA JARA VANIA ALEJANDRA | F63: 20 | G63: CT | H63: TDA-CAJAS | J63: Cajera(O) - Empaque | L63: 44774 | M63: =+(TODAY()-L63)/365 -> 2.3616438 | N63: 36069 | O63: vaniasaavedraj@gmail.com | P63: El maiten km. 5,1 | Q63: Los Niches | R63: 948740451 | S63: Soltero (a)
A64: 63 | B64: 21737318 | C64: 2 | D64: SALAMANCA HUILIPAN MATIAS ALEJANDRO | F64: 20 | G64: CT | H64: TDA-PROBADORES | J64: Trainee De Seguridad | L64: 45397 | M64: =+(TODAY()-L64)/365 -> 0.65479452 | N64: 38252 | O64: matiassalamanca599@gmail.com
A65: 64 | B65: 18254464 | C65: 7 | D65: SILVA BRAVO KARINA MARIBEL | F65: 45 | G65: CT | H65: TDA-PICK UP IN STORE | I65: 2866 | J65: Asesor De Clientes | K65: Asesor Click And Collect | L65: 42982 | M65: =+(TODAY()-L65)/365 -> 7.2712329 | N65: 34053 | O65: Karidami97@gmail.com | P65: Villa bicentenario 2 pasaje 7 1571 | Q65: Romeral | R65: 977040447 | S65: Soltero (a) | T65: FONASA | V65: 3025 | W65: 0 | X65: 18738 | Y65: 18414 | Z65: 13968 | AC65: 30000 | AO65: 1767 | AP65: 25000 | AR65: 20000 | AS65: 107139 | AU65: 20000
A66: 65 | B66: 9182295 | C66: 4 | D66: SILVA ENCINA ANDREA PATRICIA | F66: 40 | G66: CT | H66: TDA-NIÑOS (8-16) | I66: 2866 | J66: Asesor De Clientes | K66: Asesor De Compras | L66: 40742 | M66: =+(TODAY()-L66)/365 -> 13.408219 | N66: 22539 | O66: andreasilva encina@gmail.com | P66: E.E.P.P. pasaje Pedro Opazo 1684 Molina | Q66: Molina | R66: 945653125 | S66: Soltero (a) | T66: FONASA | W66: 18738 | X66: 18738 | Y66: 20460 | Z66: 15520 | AC66: 30000 | AO66: 2048 | AP66: 25000 | AQ66: 825 | AR66: 20000 | AS66: 115121 | AU66: 20000
A67: 66 | B67: 19923469 | C67: 2 | D67: SILVA MUÑOZ CATALINA DEL PILAR | F67: 30 | G67: CT | H67: TDA-DISPLAY | I67: 48 | J67: Asistente De Display | K67: Asistente De Display | L67: 44539 | M67: =+(TODAY()-L67)/365 -> 3.0054795 | N67: 35890 | W67: 6662 | X67: 6662 | Y67: 10230 | Z67: 7760 | AO67: 0
A68: 67 | B68: 17443988 | C68: 5 | D68: TOLEDO REYES IGNACIO BERNARDINO | F68: 45 | G68: CT | H68: TDA-PICK UP IN STORE | I68: 2866 | J68: Asesor De Clientes | K68: Asesor Click And Collect | L68: 43423 | M68: =+(TODAY()-L68)/365 -> 6.0630137 | N68: 33071 | O68: Ignaciotoledoreyes@gmail.com | P68: Pasaje 2 valle don Felipe 143 Santa Fe | Q68: Curicó | R68: 930037609 | S68: Convive | T68: FONASA | W68: 18738 | X68: 18738 | Y68: 20460 | Z68: 15520 | AC68: 30000 | AJ68: 110854 | AO68: 0 | AP68: 25000 | AR68: 20000 | AS68: 120433 | AU68: 20000
A69: 68 | B69: 10792320 | C69: 9 | D69: TORRES FUENTES CHRISTIAN GABRIEL | F69: 25 | G69: CT | H69: TDA-MUEBLES | I69: 679 | J69: Vendedor(A) | K69: Vendedor(A) | L69: 37960 | M69: =+(TODAY()-L69)/365 -> 21.030137 | N69: 26455 | O69: christorfu@gmail.com | P69: Villa Galilea pasaje Turín 1887 | Q69: Curicó | R69: 999647429 | S69: Casado (a) | T69: ISAPRE | Y69: 14014 | Z69: 10864 | AO69: 0
A70: 69 | B70: 14285667 | C70: 0 | D70: VARGAS HERNANDEZ ROSA ESTER | F70: 25 | G70: CT | H70: TDA-CALZADO HOMBRES GENERICO | I70: 679 | J70: Vendedor(A) | K70: Vendedor(A) | L70: 37147 | M70: =+(TODAY()-L70)/365 -> 23.257534 | N70: 27098 | O70: rositavargas007@gmail.com | P70: Bombero Garrido San Ricardo #1147 | Q70: Curico | R70: 964233235 | S70: Divorc(a) Separ(a) | T70: FONASA | Y70: 17391 | Z70: 13192 | AB70: 10625 | AN70: 104225 | AO70: 41891 | AQ70: 1125 | AW70: 28700
A71: 70 | B71: 17819820 | C71: 3 | D71: VILCHES MANCILLA JOCELINE DEL CARMEN | F71: 40 | G71: CT | H71: TDA-LINEA BLANCA | I71: 679 | J71: Vendedor(A) | K71: Vendedor(A) | L71: 40644 | M71: =+(TODAY()-L71)/365 -> 13.676712 | N71: 33248 | O71: Jocelinevilches@gmail.com | P71: San Jorge de romeral avda principal 510 | Q71: Molina | R71: 946490263 | S71: Soltero (a) | T71: FONASA | V71: 31194 | AO71: 0
A72: 71 | B72: 20150547 | C72: K | D72: VILLEGAS DIAZ TRINIDAD CATALINA | F72: 45 | G72: CT | H72: TDA-PREV.PERD. Y PROT.ACTIVOS | I72: 653 | J72: Guardia | K72: Guardia | L72: 45269 | M72: =+(TODAY()-L72)/365 -> 1.0054795 | N72: 36334 | O72: trivillegasd@gmail.com | P72: CALLE LINARES CASA 3909, MOLINA | Q72: Molina | R72: 948922704
A73: 72 | B73: 10692117 | C73: 2 | D73: YAÑEZ CONCHA ANIBAL RAMON | F73: 45 | G73: ST | H73: TDA-PREV.PERD. Y PROT.ACTIVOS | I73: 653 | J73: Guardia | K73: Guardia | L73: 38596 | M73: =+(TODAY()-L73)/365 -> 19.287671 | N73: 24240 | W73: 18738 | X73: 18738 | Y73: 20460 | Z73: 15520 | AH73: 30000 | AO73: 0
A74: 73 | B74: 27033023 | C74: 1 | D74: ZAMBRANO GALEANO FREDDY OMAR | F74: 45 | G74: CT | H74: TDA-CAJAS | I74: 373 | J74: Cajera(O) - Empaque | L74: 45264 | M74: =+(TODAY()-L74)/365 -> 1.0191781 | N74: 34663
A75: 74 | B75: 11560259 | C75: 4 | D75: ZAMORANO RAMIREZ GEORGINA ALEJANDRINA | F75: 30 | G75: CT | H75: TDA-CONFECCION DAMAS GENERICO | I75: 2866 | J75: Asesor De Clientes | K75: Asesor De Compras | L75: 43423 | M75: =+(TODAY()-L75)/365 -> 6.0630137 | N75: 25657 | O75: Geozamorano865@gmail.com | P75: Villa san Hilario pasaje 6 #2117 | Q75: Molina | R75: 977442492 | S75: Casado (a) | T75: FONASA | W75: 0 | X75: 12492 | Y75: 20460 | Z75: 15520 | AC75: 19333 | AO75: 0 | AP75: 16667 | AR75: 12889 | AS75: 84278 | AU75: 12889

Sheet Tabla
A2: Cuenta de cargo nuevo | B2: Jor | J2: Cuenta de cargo nuevo | K2: Jor
A3: Etiquetas de fila | B3: 18 | C3: 20 | D3: 25 | E3: 30 | F3: 40 | G3: 45 | H3: Total | J3: Etiquetas de fila | K3: 20 | L3: 30 | M3: 40 | N3: 45 | O3: Total
A4: Asesor De Clientes | C4: 4 | E4: 8 | F4: 2 | G4: 8 | H4: 22 | J4: TDA-CONFECCION DAMAS GENERICO | L4: 3 | O4: 3
A5: Asistente De Bodegas | C5: 1 | G5: 1 | H5: 2 | J5: TDA-CORSETERIA Y LENCERIA GENERICO | N5: 1 | O5: 1
A6: Asistente De Display | E6: 1 | G6: 2 | H6: 3 | J6: TDA-NIÑAS (2-6) | N6: 1 | O6: 1
A7: Cajera(O) - Empaque | C7: 5 | E7: 3 | G7: 1 | H7: 9 | J7: TDA-NIÑOS (2-6) | L7: 1 | N7: 1 | O7: 2
A8: Coordinadora de Ventas | G8: 1 | H8: 1 | J8: TDA-NIÑOS (8-16) | M8: 1 | O8: 1
A9: Encargado De Seguridad | G9: 1 | H9: 1 | J9: TDA-PERFUMERIA SELECTIVA GENERICA | K9: 1 | L9: 1 | O9: 2
A10: Guardia | C10: 2 | G10: 13 | H10: 15 | J10: TDA-PICK UP IN STORE | N10: 2 | O10: 2
A11: Vendedor(A) | B11: 1 | D11: 3 | E11: 4 | F11: 4 | G11: 4 | H11: 16 | J11: TDA-PROBADORES | K11: 1 | O11: 1
A12: Consultor Perfumeria | C12: 1 | G12: 1 | H12: 2 | J12: TDA-RINCON JUVENIL DAMAS GENERICO | L12: 2 | M12: 1 | O12: 3
A13: Trainee De Seguridad | C13: 2 | G13: 1 | H13: 3 | J13: TDA-RINCON JUVENIL HOMBRES GENERICO | N13: 1 | O13: 1
A14: Total | B14: 1 | C14: 15 | D14: 3 | E14: 16 | F14: 6 | G14: 33 | H14: 74 | J14: TDA-SPORT DAMAS GENERICO | N14: 1 | O14: 1
J15: TDA-SPORT HOMBRES | K15: 2 | L15: 1 | O15: 3
J16: TDA-TEXTIL | N16: 1 | O16: 1
J17: Total | K17: 4 | L17: 8 | M17: 2 | N17: 8 | O17: 22

Sheet Depto Cargo
A2: Departamento | B2: (Todas)
A3: Cargo | B3: (Todas)
A5: Cuenta de Jor | C5: Jor
A6: Sindicato | B6: Nombre Completo Empleado | C6: 10 | D6: 18 | E6: 20 | F6: 25 | G6: 30 | H6: 40 | I6: 45 | J6: Total
A7: Sind. N° 1 | C7: 1 | D7: 2 | E7: 15 | F7: 1 | G7: 13 | H7: 9 | I7: 26 | J7: 67
A8: STFC | D8: 1 | E8: 12 | F8: 3 | G8: 16 | H8: 5 | I8: 35 | J8: 72
A9: Total | C9: 1 | D9: 3 | E9: 27 | F9: 4 | G9: 29 | H9: 14 | I9: 61 | J9: 139

Sheet Reuniones 2023
B1: REUNION SINDICAL 23-03-2023 (INF. TESORERIA) | G1: REUNION SINDICAL 10 DE MAYO 2023 (NEG. COL.) | L1: REUNION SINDICAL 9 DE junio 2023 (NEG. COL.) | Q1: SALIDA DE REDES SOCIALES 11-8 | V1: 29-08-2023 APROBACION DE NEGOCIACION 2023 | AA1: REUNION SINDICAL (5 de julio 2024)
B2: Rut | C2: DV | D2: Nombre Completo Empleado | E2: ASISTE | G2: Rut | H2: DV | I2: Nombre Completo Empleado | J2: ASISTE | L2: Rut | M2: DV | N2: Nombre Completo Empleado | O2: ASISTE | Q2: Rut | R2: DV | S2: Nombre Completo Empleado | T2: SUMA | V2: Rut | W2: DV | X2: Nombre Completo Empleado | Y2: Voto | AA2: Rut | AB2: DV | AC2: Nombre Completo Empleado | AD2: ASISTE
A3: =+COUNTIF(E3:AD3,"SI") -> 4 | B3: 13785813 | C3: 4 | D3: AGUILAR OYARZO LORETO SAN JUAN | E3: SI | G3: 13785813 | H3: 4 | I3: AGUILAR OYARZO LORETO SAN JUAN | J3: NO | L3: 13785813 | M3: 4 | N3: AGUILAR OYARZO LORETO SAN JUAN | O3: SI | Q3: 13785813 | R3: 4 | S3: AGUILAR OYARZO LORETO SAN JUAN | T3: SI | V3: 13785813 | W3: 4 | X3: AGUILAR OYARZO LORETO SAN JUAN | Y3: SI | AA3: =+STFC!B2 -> 13785813 | AB3: =+STFC!C2 -> 4 | AC3: =+STFC!D2 -> AGUILAR OYARZO LORETO SAN JUAN
A4: =+COUNTIF(E4:AD4,"SI") -> 1 | B4: 17155397 | C4: 0 | D4: AGUILERA AGUILERA JEREMY ALEXSANDER | E4: NO | G4: 17155397 | H4: 0 | I4: AGUILERA AGUILERA JEREMY ALEXSANDER | J4: NO | L4: 17155397 | M4: 0 | N4: AGUILERA AGUILERA JEREMY ALEXSANDER | O4: SI | Q4: 17155397 | R4: 0 | S4: AGUILERA AGUILERA JEREMY ALEXSANDER | T4: NO | V4: 17155397 | W4: 0 | X4: AGUILERA AGUILERA JEREMY ALEXSANDER | Y4: NO | AA4: =+STFC!B3 -> 17155397 | AB4: =+STFC!C3 -> 0 | AC4: =+STFC!D3 -> AGUILERA AGUILERA JEREMY ALEXSANDER
A5: =+COUNTIF(E5:AD5,"SI") -> 1 | B5: 14399370 | C5: 1 | D5: APABLAZA RUZ MARIA XIMENA | E5: NO | G5: 14399370 | H5: 1 | I5: APABLAZA RUZ MARIA XIMENA | J5: NO | L5: 14399370 | M5: 1 | N5: APABLAZA RUZ MARIA XIMENA | O5: NO | Q5: 14399370 | R5: 1 | S5: APABLAZA RUZ MARIA XIMENA | T5: SI | V5: 14399370 | W5: 1 | X5: APABLAZA RUZ MARIA XIMENA | Y5: NO | AA5: =+STFC!B4 -> 14399370 | AB5: =+STFC!C4 -> 1 | AC5: =+STFC!D4 -> APABLAZA RUZ MARIA XIMENA
A6: =+COUNTIF(E6:AD6,"SI") -> 3 | B6: 17441446 | C6: 7 | D6: ARANIZ MARTINEZ DENISSE VANESSA | E6: SI | G6: 17441446 | H6: 7 | I6: ARANIZ MARTINEZ DENISSE VANESSA | J6: NO | L6: 17441446 | M6: 7 | N6: ARANIZ MARTINEZ DENISSE VANESSA | O6: NO | Q6: 17441446 | R6: 7 | S6: ARANIZ MARTINEZ DENISSE VANESSA | T6: SI | V6: 17441446 | W6: 7 | X6: ARANIZ MARTINEZ DENISSE VANESSA | Y6: SI | AA6: =+STFC!B5 -> 17441446 | AB6: =+STFC!C5 -> 7 | AC6: =+STFC!D5 -> ARANIZ MARTINEZ DENISSE VANESSA
A7: =+COUNTIF(E7:AD7,"SI") -> 1 | B7: 20509180 | C7: 7 | D7: AVENDAÑO TORREJON NICOLE ALEXIS | E7: NO | G7: 20509180 | H7: 7 | I7: AVENDAÑO TORREJON NICOLE ALEXIS | J7: NO | L7: 20509180 | M7: 7 | N7: AVENDAÑO TORREJON NICOLE ALEXIS | O7: NO | Q7: 20509180 | R7: 7 | S7: AVENDAÑO TORREJON NICOLE ALEXIS | T7: SI | V7: 20509180 | W7: 7 | X7: AVENDAÑO TORREJON NICOLE ALEXIS | Y7: NO | AA7: =+STFC!B6 -> 16858860 | AB7: =+STFC!C6 -> 7 | AC7: =+STFC!D6 -> ARAVENA VASQUEZ RITA NORMA
A8: =+COUNTIF(E8:AD8,"SI") -> 0 | B8: 20122174 | C8: 9 | D8: BECERRA BECERRA KARIM CAMILA | G8: 20122174 | H8: 9 | I8: BECERRA BECERRA KARIM CAMILA | L8: 20122174 | M8: 9 | N8: BECERRA BECERRA KARIM CAMILA | Q8: 20122174 | R8: 9 | S8: BECERRA BECERRA KARIM CAMILA | T8: NO | V8: 16858860 | W8: 7 | X8: ARAVENA VASQUEZ RITA NORMA | Y8: NO | AA8: =+STFC!B7 -> 20178047 | AB8: =+STFC!C7 -> 0 | AC8: =+STFC!D7 -> BARRIOS REYES JOAQUIN FERNANDO
A9: =+COUNTIF(E9:AD9,"SI") -> 3 | B9: 17155794 | C9: 1 | D9: BRAVO MORALES JOSE LUIS | E9: NO | G9: 17155794 | H9: 1 | I9: BRAVO MORALES JOSE LUIS | J9: SI | L9: 17155794 | M9: 1 | N9: BRAVO MORALES JOSE LUIS | O9: NO | Q9: 17155794 | R9: 1 | S9: BRAVO MORALES JOSE LUIS | T9: SI | V9: 20122174 | W9: 9 | X9: BECERRA BECERRA KARIM CAMILA | Y9: SI | AA9: =+STFC!B8 -> 20122174 | AB9: =+STFC!C8 -> 9 | AC9: =+STFC!D8 -> BECERRA BECERRA KARIM CAMILA
A10: =+COUNTIF(E10:AD10,"SI") -> 3 | B10: 15850392 | C10: 1 | D10: BUENO CUETO RICARDO ANTONIO | E10: NO | G10: 15850392 | H10: 1 | I10: BUENO CUETO RICARDO ANTONIO | J10: SI | L10: 15850392 | M10: 1 | N10: BUENO CUETO RICARDO ANTONIO | O10: SI | Q10: 15850392 | R10: 1 | S10: BUENO CUETO RICARDO ANTONIO | T10: SI | V10: 18028807 | W10: 4 | X10: BERNAL BAHAMONDES LUIS FELIPE | Y10: NO | AA10: =+STFC!B9 -> 18028807 | AB10: =+STFC!C9 -> 4 | AC10: =+STFC!D9 -> BERNAL BAHAMONDES LUIS FELIPE
A11: =+COUNTIF(E11:AD11,"SI") -> 1 | B11: 21609803 | C11: K | D11: BUSTOS VARELA MARIA PAZ | E11: NO | G11: 21609803 | H11: K | I11: BUSTOS VARELA MARIA PAZ | J11: NO | L11: 21609803 | M11: K | N11: BUSTOS VARELA MARIA PAZ | O11: NO | Q11: 21609803 | R11: K | S11: BUSTOS VARELA MARIA PAZ | T11: SI | V11: 20663038 | W11: 8 | X11: BRAVO ALISTE CONSTANZA SOLEDAD | Y11: NO | AA11: =+STFC!B10 -> 20663038 | AB11: =+STFC!C10 -> 8 | AC11: =+STFC!D10 -> BRAVO ALISTE CONSTANZA SOLEDAD
A12: =+COUNTIF(E12:AD12,"SI") -> 2 | B12: 17592613 | C12: 5 | D12: CALIBAR JARA BARBARA CONSUELO | G12: 17592613 | H12: 5 | I12: CALIBAR JARA BARBARA CONSUELO | L12: 17592613 | M12: 5 | N12: CALIBAR JARA BARBARA CONSUELO | Q12: 17592613 | R12: 5 | S12: CALIBAR JARA BARBARA CONSUELO | T12: SI | V12: 17155794 | W12: 1 | X12: BRAVO MORALES JOSE LUIS | Y12: SI | AA12: =+STFC!B11 -> 17155794 | AB12: =+STFC!C11 -> 1 | AC12: =+STFC!D11 -> BRAVO MORALES JOSE LUIS
A13: =+COUNTIF(E13:AD13,"SI") -> 2 | B13: 14051199 | C13: 4 | D13: CANALES JUICA CAROLINA ANDREA | E13: NO | G13: 14051199 | H13: 4 | I13: CANALES JUICA CAROLINA ANDREA | J13: NO | L13: 14051199 | M13: 4 | N13: CANALES JUICA CAROLINA ANDREA | O13: NO | Q13: 14051199 | R13: 4 | S13: CANALES JUICA CAROLINA ANDREA | T13: SI | V13: 15850392 | W13: 1 | X13: BUENO CUETO RICARDO ANTONIO | Y13: SI | AA13: =+STFC!B12 -> 15850392 | AB13: =+STFC!C12 -> 1 | AC13: =+STFC!D12 -> BUENO CUETO RICARDO ANTONIO
A14: =+COUNTIF(E14:AD14,"SI") -> 4 | B14: 20509166 | C14: 1 | D14: CARIAGA GAVILAN GENESIS ISAMAR | E14: SI | G14: 20509166 | H14: 1 | I14: CARIAGA GAVILAN GENESIS ISAMAR | J14: SI | L14: 20509166 | M14: 1 | N14: CARIAGA GAVILAN GENESIS ISAMAR | O14: SI | Q14: 20509166 | R14: 1 | S14: CARIAGA GAVILAN GENESIS ISAMAR | T14: SI | V14: 21609803 | W14: K | X14: BUSTOS VARELA MARIA PAZ | Y14: NO | AA14: =+STFC!B13 -> 21609803 | AB14: =+STFC!C13 -> K | AC14: =+STFC!D13 -> BUSTOS VARELA MARIA PAZ
A15: =+COUNTIF(E15:AD15,"SI") -> 4 | B15: 10658936 | C15: 4 | D15: CARRASCO RAMIREZ MARISOL DEL CARMEN | E15: SI | G15: 10658936 | H15: 4 | I15: CARRASCO RAMIREZ MARISOL DEL CARMEN | J15: SI | L15: 10658936 | M15: 4 | N15: CARRASCO RAMIREZ MARISOL DEL CARMEN | O15: NO | Q15: 10658936 | R15: 4 | S15: CARRASCO RAMIREZ MARISOL DEL CARMEN | T15: SI | V15: 17592613 | W15: 5 | X15: CALIBAR JARA BARBARA CONSUELO | Y15: SI | AA15: =+STFC!B14 -> 19768878 | AB15: =+STFC!C14 -> 5 | AC15: =+STFC!D14 -> CABRERA LLEVENES ESCARLET BELEN
A16: =+COUNTIF(E16:AD16,"SI") -> 1 | B16: 19610872 | C16: 6 | D16: CELEDON MARDONEZ NATALIA NOEMI | G16: 19610872 | H16: 6 | I16: CELEDON MARDONEZ NATALIA NOEMI | L16: 19610872 | M16: 6 | N16: CELEDON MARDONEZ NATALIA NOEMI | Q16: 19610872 | R16: 6 | S16: CELEDON MARDONEZ NATALIA NOEMI | T16: NO | V16: 14051199 | W16: 4 | X16: CANALES JUICA CAROLINA ANDREA | Y16: SI | AA16: =+STFC!B15 -> 17592613 | AB16: =+STFC!C15 -> 5 | AC16: =+STFC!D15 -> CALIBAR JARA BARBARA CONSUELO
A17: =+COUNTIF(E17:AD17,"SI") -> 1 | B17: 19998291 | C17: 5 | D17: CONTRERAS ALVAREZ ALEXIA FABIOLA | E17: NO | G17: 19998291 | H17: 5 | I17: CONTRERAS ALVAREZ ALEXIA FABIOLA | J17: NO | L17: 19998291 | M17: 5 | N17: CONTRERAS ALVAREZ ALEXIA FABIOLA | O17: NO | Q17: 19998291 | R17: 5 | S17: CONTRERAS ALVAREZ ALEXIA FABIOLA | T17: NO | V17: 20509166 | W17: 1 | X17: CARIAGA GAVILAN GENESIS ISAMAR | Y17: SI | AA17: =+STFC!B16 -> 14051199 | AB17: =+STFC!C16 -> 4 | AC17: =+STFC!D16 -> CANALES JUICA CAROLINA ANDREA
A18: =+COUNTIF(E18:AD18,"SI") -> 2 | B18: 10228847 | C18: 5 | D18: CONTRERAS CASTRO JAQUELINE DEL CARMEN | E18: NO | G18: 10228847 | H18: 5 | I18: CONTRERAS CASTRO JAQUELINE DEL CARMEN | J18: NO | L18: 10228847 | M18: 5 | N18: CONTRERAS CASTRO JAQUELINE DEL CARMEN | O18: NO | Q18: 10228847 | R18: 5 | S18: CONTRERAS CASTRO JAQUELINE DEL CARMEN | T18: SI | V18: 10658936 | W18: 4 | X18: CARRASCO RAMIREZ MARISOL DEL CARMEN | Y18: SI | AA18: =+STFC!B17 -> 20509166 | AB18: =+STFC!C17 -> 1 | AC18: =+STFC!D17 -> CARIAGA GAVILAN GENESIS ISAMAR
A19: =+COUNTIF(E19:AD19,"SI") -> 4 | B19: 14499879 | C19: 0 | D19: CONTRERAS PEREDO PURISIMA DE LAS MERC | E19: SI | G19: 14499879 | H19: 0 | I19: CONTRERAS PEREDO PURISIMA DE LAS MERC | J19: SI | L19: 14499879 | M19: 0 | N19: CONTRERAS PEREDO PURISIMA DE LAS MERC | O19: SI | Q19: 14499879 | R19: 0 | S19: CONTRERAS PEREDO PURISIMA DE LAS MERC | T19: SI | V19: 19610872 | W19: 6 | X19: CELEDON MARDONEZ NATALIA NOEMI | Y19: NO | AA19: =+STFC!B18 -> 10658936 | AB19: =+STFC!C18 -> 4 | AC19: =+STFC!D18 -> CARRASCO RAMIREZ MARISOL DEL CARMEN
A20: =+COUNTIF(E20:AD20,"SI") -> 0 | B20: 17980549 | C20: 9 | D20: CORNEJO SAAVEDRA KAROL NIDIA | E20: NO | G20: 17980549 | H20: 9 | I20: CORNEJO SAAVEDRA KAROL NIDIA | J20: NO | L20: 17980549 | M20: 9 | N20: CORNEJO SAAVEDRA KAROL NIDIA | O20: NO | Q20: 17980549 | R20: 9 | S20: CORNEJO SAAVEDRA KAROL NIDIA | T20: NO | V20: 19998291 | W20: 5 | X20: CONTRERAS ALVAREZ ALEXIA FABIOLA | Y20: NO | AA20: =+STFC!B19 -> 19610872 | AB20: =+STFC!C19 -> 6 | AC20: =+STFC!D19 -> CELEDON MARDONEZ NATALIA NOEMI
A21: =+COUNTIF(E21:AD21,"SI") -> 3 | B21: 15138844 | C21: 2 | D21: DIAZ DIAZ MARIA JOSE | E21: SI | G21: 15138844 | H21: 2 | I21: DIAZ DIAZ MARIA JOSE | J21: NO | L21: 15138844 | M21: 2 | N21: DIAZ DIAZ MARIA JOSE | O21: SI | Q21: 15138844 | R21: 2 | S21: DIAZ DIAZ MARIA JOSE | T21: NO | V21: 10228847 | W21: 5 | X21: CONTRERAS CASTRO JAQUELINE DEL CARMEN | Y21: SI | AA21: =+STFC!B20 -> 19998291 | AB21: =+STFC!C20 -> 5 | AC21: =+STFC!D20 -> CONTRERAS ALVAREZ ALEXIA FABIOLA
A22: =+COUNTIF(E22:AD22,"SI") -> 1 | B22: 21478843 | C22: 8 | D22: DIAZ SEPULVEDA LEONOR MACKARENA | E22: NO | G22: 21478843 | H22: 8 | I22: DIAZ SEPULVEDA LEONOR MACKARENA | J22: NO | L22: 21478843 | M22: 8 | N22: DIAZ SEPULVEDA LEONOR MACKARENA | O22: NO | Q22: 21478843 | R22: 8 | S22: DIAZ SEPULVEDA LEONOR MACKARENA | T22: SI | V22: 14499879 | W22: 0 | X22: CONTRERAS PEREDO PURISIMA DE LAS MERC | Y22: NO | AA22: =+STFC!B21 -> 10228847 | AB22: =+STFC!C21 -> 5 | AC22: =+STFC!D21 -> CONTRERAS CASTRO JAQUELINE DEL CARMEN
A23: =+COUNTIF(E23:AD23,"SI") -> 0 | B23: 13351507 | C23: 0 | D23: DUARTE MIRANDA PRISILA DEL CARMEN | E23: NO | G23: 13351507 | H23: 0 | I23: DUARTE MIRANDA PRISILA DEL CARMEN | J23: NO | L23: 13351507 | M23: 0 | N23: DUARTE MIRANDA PRISILA DEL CARMEN | O23: NO | Q23: 13351507 | R23: 0 | S23: DUARTE MIRANDA PRISILA DEL CARMEN | T23: NO | V23: 17980549 | W23: 9 | X23: CORNEJO SAAVEDRA KAROL NIDIA | Y23: NO | AA23: =+STFC!B22 -> 14499879 | AB23: =+STFC!C22 -> 0 | AC23: =+STFC!D22 -> CONTRERAS PEREDO PURISIMA DE LAS MERC
A24: =+COUNTIF(E24:AD24,"SI") -> 5 | B24: 14287355 | C24: 9 | D24: DURAN VALENZUELA LUIS OSVALDO | E24: SI | G24: 14287355 | H24: 9 | I24: DURAN VALENZUELA LUIS OSVALDO | J24: SI | L24: 14287355 | M24: 9 | N24: DURAN VALENZUELA LUIS OSVALDO | O24: SI | Q24: 14287355 | R24: 9 | S24: DURAN VALENZUELA LUIS OSVALDO | T24: SI | V24: 15138844 | W24: 2 | X24: DIAZ DIAZ MARIA JOSE | Y24: SI | AA24: =+STFC!B23 -> 17980549 | AB24: =+STFC!C23 -> 9 | AC24: =+STFC!D23 -> CORNEJO SAAVEDRA KAROL NIDIA
A25: =+COUNTIF(E25:AD25,"SI") -> 4 | B25: 17981225 | C25: 8 | D25: ECHEVERRIA NUÑEZ JUAN ROSENDO | E25: SI | G25: 17981225 | H25: 8 | I25: ECHEVERRIA NUÑEZ JUAN ROSENDO | J25: SI | L25: 17981225 | M25: 8 | N25: ECHEVERRIA NUÑEZ JUAN ROSENDO | O25: NO | Q25: 17981225 | R25: 8 | S25: ECHEVERRIA NUÑEZ JUAN ROSENDO | T25: SI | V25: 21478843 | W25: 8 | X25: DIAZ SEPULVEDA LEONOR MACKARENA | Y25: SI | AA25: =+STFC!B24 -> 15138844 | AB25: =+STFC!C24 -> 2 | AC25: =+STFC!D24 -> DIAZ DIAZ MARIA JOSE
A26: =+COUNTIF(E26:AD26,"SI") -> 4 | B26: 10409683 | C26: 2 | D26: ELUCHANS SANHUEZA HERTA ELENA | E26: SI | G26: 10409683 | H26: 2 | I26: ELUCHANS SANHUEZA HERTA ELENA | J26: NO | L26: 10409683 | M26: 2 | N26: ELUCHANS SANHUEZA HERTA ELENA | O26: SI | Q26: 10409683 | R26: 2 | S26: ELUCHANS SANHUEZA HERTA ELENA | T26: SI | V26: 13351507 | W26: 0 | X26: DUARTE MIRANDA PRISILA DEL CARMEN | Y26: SI | AA26: =+STFC!B25 -> 21478843 | AB26: =+STFC!C25 -> 8 | AC26: =+STFC!D25 -> DIAZ SEPULVEDA LEONOR MACKARENA
A27: =+COUNTIF(E27:AD27,"SI") -> 4 | B27: 11371360 | C27: 7 | D27: ESPINOZA CERECEDA LUIS FELIX | E27: NO | G27: 11371360 | H27: 7 | I27: ESPINOZA CERECEDA LUIS FELIX | J27: SI | L27: 11371360 | M27: 7 | N27: ESPINOZA CERECEDA LUIS FELIX | O27: SI | Q27: 11371360 | R27: 7 | S27: ESPINOZA CERECEDA LUIS FELIX | T27: SI | V27: 14287355 | W27: 9 | X27: DURAN VALENZUELA LUIS OSVALDO | Y27: SI | AA27: =+STFC!B26 -> 13351507 | AB27: =+STFC!C26 -> 0 | AC27: =+STFC!D26 -> DUARTE MIRANDA PRISILA DEL CARMEN
A28: =+COUNTIF(E28:AD28,"SI") -> 2 | B28: 10466538 | C28: 1 | D28: FAUNDEZ CAMPOS GUILLERMO ESTEBAN | E28: NO | G28: 10466538 | H28: 1 | I28: FAUNDEZ CAMPOS GUILLERMO ESTEBAN | J28: SI | L28: 10466538 | M28: 1 | N28: FAUNDEZ CAMPOS GUILLERMO ESTEBAN | O28: NO | Q28: 10466538 | R28: 1 | S28: FAUNDEZ CAMPOS GUILLERMO ESTEBAN | T28: NO | V28: 17981225 | W28: 8 | X28: ECHEVERRIA NUÑEZ JUAN ROSENDO | Y28: SI | AA28: =+STFC!B27 -> 14287355 | AB28: =+STFC!C27 -> 9 | AC28: =+STFC!D27 -> DURAN VALENZUELA LUIS OSVALDO
... A30: =+COUNTIF(E30:AD30,"SI") -> 3 | B30: 17374147 | C30: 2 | D30: GATICA CORNEJO JORDAN ALAN | E30: NO | G30: 17374147 | H30: 2 | I30: GATICA CORNEJO JORDAN ALAN | J30: SI | L30: 17374147 | M30: 2 | N30: GATICA CORNEJO JORDAN ALAN | O30: NO | Q30: 17374147 | R30: 2 | S30: GATICA CORNEJO JORDAN ALAN | T30: SI | V30: 11371360 | W30: 7 | X30: ESPINOZA CERECEDA LUIS FELIX | Y30: SI | AA30: =+STFC!B29 -> 10409683 | AB30: =+STFC!C29 -> 2 | AC30: =+STFC!D29 -> ELUCHANS SANHUEZA HERTA ELENA
A31: =+COUNTIF(E31:AD31,"SI") -> 3 | B31: 13352679 | C31: K | D31: GAVILAN ROJAS ISABEL DEL CARMEN | E31: SI | G31: 13352679 | H31: K | I31: GAVILAN ROJAS ISABEL DEL CARMEN | J31: SI | L31: 13352679 | M31: K | N31: GAVILAN ROJAS ISABEL DEL CARMEN | O31: NO | Q31: 13352679 | R31: K | S31: GAVILAN ROJAS ISABEL DEL CARMEN | T31: SI | V31: 10466538 | W31: 1 | X31: FAUNDEZ CAMPOS GUILLERMO ESTEBAN | Y31: NO | AA31: =+STFC!B30 -> 11371360 | AB31: =+STFC!C30 -> 7 | AC31: =+STFC!D30 -> ESPINOZA CERECEDA LUIS FELIX
A32: =+COUNTIF(E32:AD32,"SI") -> 3 | B32: 17795856 | C32: 5 | D32: GONZALEZ SILVA ABRAHAM ELIAS | E32: SI | G32: 17795856 | H32: 5 | I32: GONZALEZ SILVA ABRAHAM ELIAS | J32: NO | L32: 17795856 | M32: 5 | N32: GONZALEZ SILVA ABRAHAM ELIAS | O32: SI | Q32: 17795856 | R32: 5 | S32: GONZALEZ SILVA ABRAHAM ELIAS | T32: SI | V32: 12416653 | W32: 5 | X32: FUENZALIDA FUENTE RUHAMA PAULINA | Y32: NO | AA32: =+STFC!B31 -> 10466538 | AB32: =+STFC!C31 -> 1 | AC32: =+STFC!D31 -> FAUNDEZ CAMPOS GUILLERMO ESTEBAN
A33: =+COUNTIF(E33:AD33,"SI") -> 2 | B33: 17214601 | C33: 5 | D33: GONZALEZ ULLOA VALESCA ALEJANDRA | E33: NO | G33: 17214601 | H33: 5 | I33: GONZALEZ ULLOA VALESCA ALEJANDRA | J33: NO | L33: 17214601 | M33: 5 | N33: GONZALEZ ULLOA VALESCA ALEJANDRA | O33: NO | Q33: 17214601 | R33: 5 | S33: GONZALEZ ULLOA VALESCA ALEJANDRA | T33: SI | V33: 17374147 | W33: 2 | X33: GATICA CORNEJO JORDAN ALAN | Y33: SI | AA33: =+STFC!B32 -> 12416653 | AB33: =+STFC!C32 -> 5 | AC33: =+STFC!D32 -> FUENZALIDA FUENTE RUHAMA PAULINA
A34: =+COUNTIF(E34:AD34,"SI") -> 3 | B34: 13253216 | C34: 8 | D34: HERRERA HERRERA FELIX JACOBO | E34: NO | G34: 13253216 | H34: 8 | I34: HERRERA HERRERA FELIX JACOBO | J34: SI | L34: 13253216 | M34: 8 | N34: HERRERA HERRERA FELIX JACOBO | O34: NO | Q34: 13253216 | R34: 8 | S34: HERRERA HERRERA FELIX JACOBO | T34: SI | V34: 13352679 | W34: K | X34: GAVILAN ROJAS ISABEL DEL CARMEN | Y34: SI | AA34: =+STFC!B33 -> 17374147 | AB34: =+STFC!C33 -> 2 | AC34: =+STFC!D33 -> GATICA CORNEJO JORDAN ALAN
A35: =+COUNTIF(E35:AD35,"SI") -> 2 | B35: 18577117 | C35: 2 | D35: HERRERA NAVARRO CONSTANZA NICOLE | E35: NO | G35: 18577117 | H35: 2 | I35: HERRERA NAVARRO CONSTANZA NICOLE | J35: SI | L35: 18577117 | M35: 2 | N35: HERRERA NAVARRO CONSTANZA NICOLE | O35: NO | Q35: 18577117 | R35: 2 | S35: HERRERA NAVARRO CONSTANZA NICOLE | T35: NO | V35: 17795856 | W35: 5 | X35: GONZALEZ SILVA ABRAHAM ELIAS | Y35: SI | AA35: =+STFC!B34 -> 13352679 | AB35: =+STFC!C34 -> K | AC35: =+STFC!D34 -> GAVILAN ROJAS ISABEL DEL CARMEN
A36: =+COUNTIF(E36:AD36,"SI") -> 1 | B36: 15850696 | C36: 3 | D36: HERRERA OLIVOS ANGELO ENRIQUE | E36: NO | G36: 15850696 | H36: 3 | I36: HERRERA OLIVOS ANGELO ENRIQUE | J36: NO | L36: 15850696 | M36: 3 | N36: HERRERA OLIVOS ANGELO ENRIQUE | O36: NO | Q36: 15850696 | R36: 3 | S36: HERRERA OLIVOS ANGELO ENRIQUE | T36: NO | V36: 17214601 | W36: 5 | X36: GONZALEZ ULLOA VALESCA ALEJANDRA | Y36: SI | AA36: =+STFC!B35 -> 17795856 | AB36: =+STFC!C35 -> 5 | AC36: =+STFC!D35 -> GONZALEZ SILVA ABRAHAM ELIAS
A37: =+COUNTIF(E37:AD37,"SI") -> 3 | B37: 9503353 | C37: 9 | D37: IBARRA CONCHA TATIANA ISABEL | E37: NO | G37: 9503353 | H37: 9 | I37: IBARRA CONCHA TATIANA ISABEL | J37: SI | L37: 9503353 | M37: 9 | N37: IBARRA CONCHA TATIANA ISABEL | O37: SI | Q37: 9503353 | R37: 9 | S37: IBARRA CONCHA TATIANA ISABEL | T37: NO | V37: 13253216 | W37: 8 | X37: HERRERA HERRERA FELIX JACOBO | Y37: SI | AA37: =+STFC!B36 -> 17214601 | AB37: =+STFC!C36 -> 5 | AC37: =+STFC!D36 -> GONZALEZ ULLOA VALESCA ALEJANDRA
A38: =+COUNTIF(E38:AD38,"SI") -> 1 | B38: 21284551 | C38: 5 | D38: LEIVA DIAZ LUIS FELIPE | E38: NO | G38: 21284551 | H38: 5 | I38: LEIVA DIAZ LUIS FELIPE | J38: NO | L38: 21284551 | M38: 5 | N38: LEIVA DIAZ LUIS FELIPE | O38: NO | Q38: 21284551 | R38: 5 | S38: LEIVA DIAZ LUIS FELIPE | T38: SI | V38: 18577117 | W38: 2 | X38: HERRERA NAVARRO CONSTANZA NICOLE | Y38: NO | AA38: =+STFC!B37 -> 18577117 | AB38: =+STFC!C37 -> 2 | AC38: =+STFC!D37 -> HERRERA NAVARRO CONSTANZA NICOLE
A39: =+COUNTIF(E39:AD39,"SI") -> 2 | B39: 18349995 | C39: 5 | D39: LOPEZ AVILES ROMINA ANDREA | E39: NO | G39: 18349995 | H39: 5 | I39: LOPEZ AVILES ROMINA ANDREA | J39: NO | L39: 18349995 | M39: 5 | N39: LOPEZ AVILES ROMINA ANDREA | O39: NO | Q39: 18349995 | R39: 5 | S39: LOPEZ AVILES ROMINA ANDREA | T39: SI | V39: 15850696 | W39: 3 | X39: HERRERA OLIVOS ANGELO ENRIQUE | Y39: SI | AA39: =+STFC!B38 -> 15850696 | AB39: =+STFC!C38 -> 3 | AC39: =+STFC!D38 -> HERRERA OLIVOS ANGELO ENRIQUE
A40: =+COUNTIF(E40:AD40,"SI") -> 2 | B40: 14285611 | C40: 5 | D40: LUEIZA GONZALEZ ELISA NATALIA | E40: SI | G40: 14285611 | H40: 5 | I40: LUEIZA GONZALEZ ELISA NATALIA | J40: NO | L40: 14285611 | M40: 5 | N40: LUEIZA GONZALEZ ELISA NATALIA | O40: NO | Q40: 14285611 | R40: 5 | S40: LUEIZA GONZALEZ ELISA NATALIA | T40: NO | V40: 9503353 | W40: 9 | X40: IBARRA CONCHA TATIANA ISABEL | Y40: SI | AA40: =+STFC!B39 -> 9503353 | AB40: =+STFC!C39 -> 9 | AC40: =+STFC!D39 -> IBARRA CONCHA TATIANA ISABEL
A41: =+COUNTIF(E41:AD41,"SI") -> 1 | B41: 14506328 | C41: 0 | D41: LUNA LUNA EDITH DE LAS MERCEDE | E41: NO | G41: 14506328 | H41: 0 | I41: LUNA LUNA EDITH DE LAS MERCEDE | J41: NO | L41: 14506328 | M41: 0 | N41: LUNA LUNA EDITH DE LAS MERCEDE | O41: NO | Q41: 14506328 | R41: 0 | S41: LUNA LUNA EDITH DE LAS MERCEDE | T41: SI | V41: 21284551 | W41: 5 | X41: LEIVA DIAZ LUIS FELIPE | Y41: NO | AA41: =+STFC!B40 -> 21284551 | AB41: =+STFC!C40 -> 5 | AC41: =+STFC!D40 -> LEIVA DIAZ LUIS FELIPE
A42: =+COUNTIF(E42:AD42,"SI") -> 4 | B42: 9390703 | C42: 5 | D42: MANZO VERGARA CECILIA DEL CARMEN | E42: SI | G42: 9390703 | H42: 5 | I42: MANZO VERGARA CECILIA DEL CARMEN | J42: SI | L42: 9390703 | M42: 5 | N42: MANZO VERGARA CECILIA DEL CARMEN | O42: SI | Q42: 9390703 | R42: 5 | S42: MANZO VERGARA CECILIA DEL CARMEN | T42: SI | V42: 18349995 | W42: 5 | X42: LOPEZ AVILES ROMINA ANDREA | Y42: NO | AA42: =+STFC!B41 -> 18349995 | AB42: =+STFC!C41 -> 5 | AC42: =+STFC!D41 -> LOPEZ AVILES ROMINA ANDREA
A43: =+COUNTIF(E43:AD43,"SI") -> 1 | B43: 16023715 | C43: 5 | D43: MEDINA FARIAS INGRID SOLEDAD | E43: NO | G43: 16023715 | H43: 5 | I43: MEDINA FARIAS INGRID SOLEDAD | J43: NO | L43: 16023715 | M43: 5 | N43: MEDINA FARIAS INGRID SOLEDAD | O43: NO | Q43: 16023715 | R43: 5 | S43: MEDINA FARIAS INGRID SOLEDAD | T43: SI | V43: 14285611 | W43: 5 | X43: LUEIZA GONZALEZ ELISA NATALIA | Y43: NO | AA43: =+STFC!B42 -> 14285611 | AB43: =+STFC!C42 -> 5 | AC43: =+STFC!D42 -> LUEIZA GONZALEZ ELISA NATALIA
A44: =+COUNTIF(E44:AD44,"SI") -> 4 | B44: 17882371 | C44: K | D44: MUÑOZ ALARCON MARIA LUISA | E44: SI | G44: 17882371 | H44: K | I44: MUÑOZ ALARCON MARIA LUISA | J44: SI | L44: 17882371 | M44: K | N44: MUÑOZ ALARCON MARIA LUISA | O44: SI | Q44: 17882371 | R44: K | S44: MUÑOZ ALARCON MARIA LUISA | T44: NO | V44: 14506328 | W44: 0 | X44: LUNA LUNA EDITH DE LAS MERCEDE | Y44: SI | AA44: =+STFC!B43 -> 14506328 | AB44: =+STFC!C43 -> 0 | AC44: =+STFC!D43 -> LUNA LUNA EDITH DE LAS MERCEDE
A45: =+COUNTIF(E45:AD45,"SI") -> 3 | B45: 11558724 | C45: 2 | D45: MUÑOZ DIEDRICHS MIRIAM DEL CARMEN | E45: SI | G45: 11558724 | H45: 2 | I45: MUÑOZ DIEDRICHS MIRIAM DEL CARMEN | J45: NO | L45: 11558724 | M45: 2 | N45: MUÑOZ DIEDRICHS MIRIAM DEL CARMEN | O45: NO | Q45: 11558724 | R45: 2 | S45: MUÑOZ DIEDRICHS MIRIAM DEL CARMEN | T45: SI | V45: 9390703 | W45: 5 | X45: MANZO VERGARA CECILIA DEL CARMEN | Y45: SI | AA45: =+STFC!B44 -> 9390703 | AB45: =+STFC!C44 -> 5 | AC45: =+STFC!D44 -> MANZO VERGARA CECILIA DEL CARMEN
A46: =+COUNTIF(E46:AD46,"SI") -> 2 | B46: 12371390 | C46: 7 | D46: NUÑEZ GUTIERREZ BERNARDITA | E46: SI | G46: 12371390 | H46: 7 | I46: NUÑEZ GUTIERREZ BERNARDITA | J46: NO | L46: 12371390 | M46: 7 | N46: NUÑEZ GUTIERREZ BERNARDITA | O46: NO | Q46: 12371390 | R46: 7 | S46: NUÑEZ GUTIERREZ BERNARDITA | T46: NO | V46: 16023715 | W46: 5 | X46: MEDINA FARIAS INGRID SOLEDAD | Y46: SI | AA46: =+STFC!B45 -> 16023715 | AB46: =+STFC!C45 -> 5 | AC46: =+STFC!D45 -> MEDINA FARIAS INGRID SOLEDAD
A47: =+COUNTIF(E47:AD47,"SI") -> 3 | B47: 20160057 | C47: k | D47: OÑATE OÑATE CRISTOBAL IGNACIO | E47: NO | G47: 20160057 | H47: k | I47: OÑATE OÑATE CRISTOBAL IGNACIO | J47: SI | L47: 20160057 | M47: k | N47: OÑATE OÑATE CRISTOBAL IGNACIO | O47: NO | Q47: 20160057 | R47: k | S47: OÑATE OÑATE CRISTOBAL IGNACIO | T47: SI | V47: 17882371 | W47: K | X47: MUÑOZ ALARCON MARIA LUISA | Y47: SI | AA47: =+STFC!B46 -> 17882371 | AB47: =+STFC!C46 -> K | AC47: =+STFC!D46 -> MUÑOZ ALARCON MARIA LUISA
A48: =+COUNTIF(E48:AD48,"SI") -> 2 | B48: 15946978 | C48: 6 | D48: OSORIO TAPIA CAROLINA CONSTANZA | E48: NO | G48: 15946978 | H48: 6 | I48: OSORIO TAPIA CAROLINA CONSTANZA | J48: NO | L48: 15946978 | M48: 6 | N48: OSORIO TAPIA CAROLINA CONSTANZA | O48: NO | Q48: 15946978 | R48: 6 | S48: OSORIO TAPIA CAROLINA CONSTANZA | T48: SI | V48: 11558724 | W48: 2 | X48: MUÑOZ DIEDRICHS MIRIAM DEL CARMEN | Y48: SI | AA48: =+STFC!B47 -> 11558724 | AB48: =+STFC!C47 -> 2 | AC48: =+STFC!D47 -> MUÑOZ DIEDRICHS MIRIAM DEL CARMEN
A49: =+COUNTIF(E49:Z49,"SI") -> 2 | B49: 19699295 | C49: 2 | D49: PARRA QUIROZ VALESKA CLAUDIA | E49: NO | G49: 19699295 | H49: 2 | I49: PARRA QUIROZ VALESKA CLAUDIA | J49: SI | L49: 19699295 | M49: 2 | N49: PARRA QUIROZ VALESKA CLAUDIA | O49: NO | Q49: 19699295 | R49: 2 | S49: PARRA QUIROZ VALESKA CLAUDIA | T49: SI | V49: 12371390 | W49: 7 | X49: NUÑEZ GUTIERREZ BERNARDITA | Y49: NO | AA49: =+STFC!B48 -> 12371390 | AB49: =+STFC!C48 -> 7 | AC49: =+STFC!D48 -> NUÑEZ GUTIERREZ BERNARDITA
A50: =+COUNTIF(E50:AD50,"SI") -> 4 | B50: 17182108 | C50: 8 | D50: PERALTA ESPINOZA ANTONIO SEGUNDO | E50: NO | G50: 17182108 | H50: 8 | I50: PERALTA ESPINOZA ANTONIO SEGUNDO | J50: SI | L50: 17182108 | M50: 8 | N50: PERALTA ESPINOZA ANTONIO SEGUNDO | O50: SI | Q50: 17182108 | R50: 8 | S50: PERALTA ESPINOZA ANTONIO SEGUNDO | T50: si | V50: 20160057 | W50: k | X50: OÑATE OÑATE CRISTOBAL IGNACIO | Y50: SI | AA50: =+STFC!B49 -> 15946978 | AB50: =+STFC!C49 -> 6 | AC50: =+STFC!D49 -> OSORIO TAPIA CAROLINA CONSTANZA
A51: =+COUNTIF(E51:AD51,"SI") -> 4 | B51: 18282236 | C51: 1 | D51: PEREDO HERNANDEZ JAIME ANDRES | E51: SI | G51: 18282236 | H51: 1 | I51: PEREDO HERNANDEZ JAIME ANDRES | J51: NO | L51: 18282236 | M51: 1 | N51: PEREDO HERNANDEZ JAIME ANDRES | O51: SI | Q51: 18282236 | R51: 1 | S51: PEREDO HERNANDEZ JAIME ANDRES | T51: SI | V51: 15946978 | W51: 6 | X51: OSORIO TAPIA CAROLINA CONSTANZA | Y51: SI | AA51: =+STFC!B50 -> 19699295 | AB51: =+STFC!C50 -> 2 | AC51: =+STFC!D50 -> PARRA QUIROZ VALESKA CLAUDIA
A52: =+COUNTIF(E52:AD52,"SI") -> 3 | B52: 25735658 | C52: 2 | D52: PIMENTEL DE MONTOYA NICMARY LOREN | E52: SI | G52: 25735658 | H52: 2 | I52: PIMENTEL DE MONTOYA NICMARY LOREN | J52: NO | L52: 25735658 | M52: 2 | N52: PIMENTEL DE MONTOYA NICMARY LOREN | O52: NO | Q52: 25735658 | R52: 2 | S52: PIMENTEL DE MONTOYA NICMARY LOREN | T52: SI | V52: 19699295 | W52: 2 | X52: PARRA QUIROZ VALESKA CLAUDIA | Y52: SI | AA52: =+STFC!B51 -> 17182108 | AB52: =+STFC!C51 -> 8 | AC52: =+STFC!D51 -> PERALTA ESPINOZA ANTONIO SEGUNDO
A53: =+COUNTIF(E53:AD53,"SI") -> 0 | B53: 18577213 | C53: 6 | D53: PLAZA SILVA TAMARA BELEN | E53: NO | G53: 18577213 | H53: 6 | I53: PLAZA SILVA TAMARA BELEN | J53: NO | L53: 18577213 | M53: 6 | N53: PLAZA SILVA TAMARA BELEN | O53: NO | Q53: 18577213 | R53: 6 | S53: PLAZA SILVA TAMARA BELEN | T53: NO | V53: 17182108 | W53: 8 | X53: PERALTA ESPINOZA ANTONIO SEGUNDO | Y53: NO | AA53: =+STFC!B52 -> 18282236 | AB53: =+STFC!C52 -> 1 | AC53: =+STFC!D52 -> PEREDO HERNANDEZ JAIME ANDRES
A54: =+COUNTIF(E54:AD54,"SI") -> 5 | B54: 9771330 | C54: 8 | D54: QUIJADA MARTINEZ ROXANA PAOLA | E54: SI | G54: 9771330 | H54: 8 | I54: QUIJADA MARTINEZ ROXANA PAOLA | J54: SI | L54: 9771330 | M54: 8 | N54: QUIJADA MARTINEZ ROXANA PAOLA | O54: SI | Q54: 9771330 | R54: 8 | S54: QUIJADA MARTINEZ ROXANA PAOLA | T54: SI | V54: 18282236 | W54: 1 | X54: PEREDO HERNANDEZ JAIME ANDRES | Y54: SI | AA54: =+STFC!B53 -> 25735658 | AB54: =+STFC!C53 -> 2 | AC54: =+STFC!D53 -> PIMENTEL DE MONTOYA NICMARY LOREN
A55: =+COUNTIF(E55:AD55,"SI") -> 1 | B55: 13266064 | C55: 6 | D55: REVECO DIAZ CAROLINA JONDYS | E55: NO | G55: 13266064 | H55: 6 | I55: REVECO DIAZ CAROLINA JONDYS | J55: NO | L55: 13266064 | M55: 6 | N55: REVECO DIAZ CAROLINA JONDYS | O55: NO | Q55: 13266064 | R55: 6 | S55: REVECO DIAZ CAROLINA JONDYS | T55: SI | V55: 25735658 | W55: 2 | X55: PIMENTEL DE MONTOYA NICMARY LOREN | Y55: NO | AA55: =+STFC!B54 -> 18577213 | AB55: =+STFC!C54 -> 6 | AC55: =+STFC!D54 -> PLAZA SILVA TAMARA BELEN
A56: =+COUNTIF(E56:AD56,"SI") -> 3 | B56: 12775545 | C56: 0 | D56: REYES ARAVENA RIGOBERTO ESTEBAN | E56: SI | G56: 12775545 | H56: 0 | I56: REYES ARAVENA RIGOBERTO ESTEBAN | J56: NO | L56: 12775545 | M56: 0 | N56: REYES ARAVENA RIGOBERTO ESTEBAN | O56: NO | Q56: 12775545 | R56: 0 | S56: REYES ARAVENA RIGOBERTO ESTEBAN | T56: SI | V56: 18577213 | W56: 6 | X56: PLAZA SILVA TAMARA BELEN | Y56: SI | AA56: =+STFC!B55 -> 9771330 | AB56: =+STFC!C55 -> 8 | AC56: =+STFC!D55 -> QUIJADA MARTINEZ ROXANA PAOLA
A57: =+COUNTIF(E57:AD57,"SI") -> 2 | B57: 11368841 | C57: 6 | D57: REYES CORREA MARIA ELENA | E57: NO | G57: 11368841 | H57: 6 | I57: REYES CORREA MARIA ELENA | J57: NO | L57: 11368841 | M57: 6 | N57: REYES CORREA MARIA ELENA | O57: NO | Q57: 11368841 | R57: 6 | S57: REYES CORREA MARIA ELENA | T57: SI | V57: 9771330 | W57: 8 | X57: QUIJADA MARTINEZ ROXANA PAOLA | Y57: SI | AA57: =+STFC!B56 -> 21764650 | AB57: =+STFC!C56 -> 2 | AC57: =+STFC!D56 -> RODRIGUEZ TORRES MATIAS ANDRES
A58: =+COUNTIF(E58:AD58,"SI") -> 5 | B58: 17509057 | C58: 6 | D58: RIVERA MORALES MARIA PAZ | E58: SI | G58: 17509057 | H58: 6 | I58: RIVERA MORALES MARIA PAZ | J58: SI | L58: 17509057 | M58: 6 | N58: RIVERA MORALES MARIA PAZ | O58: SI | Q58: 17509057 | R58: 6 | S58: RIVERA MORALES MARIA PAZ | T58: SI | V58: 13266064 | W58: 6 | X58: REVECO DIAZ CAROLINA JONDYS | Y58: SI | AA58: =+STFC!B57 -> 13266064 | AB58: =+STFC!C57 -> 6 | AC58: =+STFC!D57 -> REVECO DIAZ CAROLINA JONDYS
A59: =+COUNTIF(E59:AD59,"SI") -> 1 | B59: 13892606 | C59: 0 | D59: ROCHA CABELLO LINDA LUISA | E59: NO | G59: 13892606 | H59: 0 | I59: ROCHA CABELLO LINDA LUISA | J59: NO | L59: 13892606 | M59: 0 | N59: ROCHA CABELLO LINDA LUISA | O59: NO | Q59: 13892606 | R59: 0 | S59: ROCHA CABELLO LINDA LUISA | T59: SI | V59: 12775545 | W59: 0 | X59: REYES ARAVENA RIGOBERTO ESTEBAN | Y59: NO | AA59: =+STFC!B58 -> 12775545 | AB59: =+STFC!C58 -> 0 | AC59: =+STFC!D58 -> REYES ARAVENA RIGOBERTO ESTEBAN
A60: =+COUNTIF(E60:Z60,"SI") -> 3 | B60: 26619205 | C60: 3 | D60: RODRIGUEZ ORTEGA EMILY ANGELUZ | E60: NO | G60: 26619205 | H60: 3 | I60: RODRIGUEZ ORTEGA EMILY ANGELUZ | J60: SI | L60: 26619205 | M60: 3 | N60: RODRIGUEZ ORTEGA EMILY ANGELUZ | O60: NO | Q60: 26619205 | R60: 3 | S60: RODRIGUEZ ORTEGA EMILY ANGELUZ | T60: SI | V60: 11368841 | W60: 6 | X60: REYES CORREA MARIA ELENA | Y60: SI | AA60: =+STFC!B59 -> 11368841 | AB60: =+STFC!C59 -> 6 | AC60: =+STFC!D59 -> REYES CORREA MARIA ELENA
A61: =+COUNTIF(E61:AD61,"SI") -> 2 | B61: 17154771 | C61: 7 | D61: SAAVEDRA CUEVAS DENISSE NATALIE | E61: NO | G61: 17154771 | H61: 7 | I61: SAAVEDRA CUEVAS DENISSE NATALIE | J61: NO | L61: 17154771 | M61: 7 | N61: SAAVEDRA CUEVAS DENISSE NATALIE | O61: NO | Q61: 17154771 | R61: 7 | S61: SAAVEDRA CUEVAS DENISSE NATALIE | T61: SI | V61: 17509057 | W61: 6 | X61: RIVERA MORALES MARIA PAZ | Y61: SI | AA61: =+STFC!B60 -> 17509057 | AB61: =+STFC!C60 -> 6 | AC61: =+STFC!D60 -> RIVERA MORALES MARIA PAZ
A62: =+COUNTIF(E62:AD62,"SI") -> 1 | B62: 20061719 | C62: 3 | D62: SAAVEDRA JARA VANIA ALEJANDRA | E62: NO | G62: 20061719 | H62: 3 | I62: SAAVEDRA JARA VANIA ALEJANDRA | J62: NO | L62: 20061719 | M62: 3 | N62: SAAVEDRA JARA VANIA ALEJANDRA | O62: NO | Q62: 20061719 | R62: 3 | S62: SAAVEDRA JARA VANIA ALEJANDRA | T62: SI | V62: 13892606 | W62: 0 | X62: ROCHA CABELLO LINDA LUISA | Y62: NO | AA62: =+STFC!B61 -> 26619205 | AB62: =+STFC!C61 -> 3 | AC62: =+STFC!D61 -> RODRIGUEZ ORTEGA EMILY ANGELUZ
A63: =+COUNTIF(E63:AD63,"SI") -> 2 | B63: 19106523 | C63: 9 | D63: SEPULVEDA CERPA SEBASTIAN ANDRES | E63: NO | G63: 19106523 | H63: 9 | I63: SEPULVEDA CERPA SEBASTIAN ANDRES | J63: SI | L63: 19106523 | M63: 9 | N63: SEPULVEDA CERPA SEBASTIAN ANDRES | O63: NO | Q63: 19106523 | R63: 9 | S63: SEPULVEDA CERPA SEBASTIAN ANDRES | T63: SI | V63: 19106523 | W63: 9 | X63: SEPULVEDA CERPA SEBASTIAN ANDRES | Y63: NO | AA63: =+STFC!B62 -> 17154771 | AB63: =+STFC!C62 -> 7 | AC63: =+STFC!D62 -> SAAVEDRA CUEVAS DENISSE NATALIE
A64: =+COUNTIF(E64:AD64,"SI") -> 1 | B64: 18254464 | C64: 7 | D64: SILVA BRAVO KARINA MARIBEL | E64: NO | G64: 18254464 | H64: 7 | I64: SILVA BRAVO KARINA MARIBEL | J64: NO | L64: 18254464 | M64: 7 | N64: SILVA BRAVO KARINA MARIBEL | O64: NO | Q64: 18254464 | R64: 7 | S64: SILVA BRAVO KARINA MARIBEL | T64: NO | V64: 26619205 | W64: 3 | X64: RODRIGUEZ ORTEGA EMILY ANGELUZ | Y64: SI | AA64: =+STFC!B63 -> 20061719 | AB64: =+STFC!C63 -> 3 | AC64: =+STFC!D63 -> SAAVEDRA JARA VANIA ALEJANDRA
A65: =+COUNTIF(E65:AD65,"SI") -> 4 | B65: 9182295 | C65: 4 | D65: SILVA ENCINA ANDREA PATRICIA | E65: SI | G65: 9182295 | H65: 4 | I65: SILVA ENCINA ANDREA PATRICIA | J65: SI | L65: 9182295 | M65: 4 | N65: SILVA ENCINA ANDREA PATRICIA | O65: NO | Q65: 9182295 | R65: 4 | S65: SILVA ENCINA ANDREA PATRICIA | T65: SI | V65: 17154771 | W65: 7 | X65: SAAVEDRA CUEVAS DENISSE NATALIE | Y65: SI | AA65: =+STFC!B64 -> 21737318 | AB65: =+STFC!C64 -> 2 | AC65: =+STFC!D64 -> SALAMANCA HUILIPAN MATIAS ALEJANDRO
A66: =+COUNTIF(E66:AD66,"SI") -> 3 | B66: 19923469 | C66: 2 | D66: SILVA MUÑOZ CATALINA DEL PILAR | E66: NO | G66: 19923469 | H66: 2 | I66: SILVA MUÑOZ CATALINA DEL PILAR | J66: SI | L66: 19923469 | M66: 2 | N66: SILVA MUÑOZ CATALINA DEL PILAR | O66: NO | Q66: 19923469 | R66: 2 | S66: SILVA MUÑOZ CATALINA DEL PILAR | T66: SI | V66: 20061719 | W66: 3 | X66: SAAVEDRA JARA VANIA ALEJANDRA | Y66: SI | AA66: =+STFC!B65 -> 18254464 | AB66: =+STFC!C65 -> 7 | AC66: =+STFC!D65 -> SILVA BRAVO KARINA MARIBEL
A67: =+COUNTIF(E67:AD67,"SI") -> 3 | B67: 17443988 | C67: 5 | D67: TOLEDO REYES IGNACIO BERNARDINO | E67: NO | G67: 17443988 | H67: 5 | I67: TOLEDO REYES IGNACIO BERNARDINO | J67: SI | L67: 17443988 | M67: 5 | N67: TOLEDO REYES IGNACIO BERNARDINO | O67: NO | Q67: 17443988 | R67: 5 | S67: TOLEDO REYES IGNACIO BERNARDINO | T67: SI | V67: 18254464 | W67: 7 | X67: SILVA BRAVO KARINA MARIBEL | Y67: SI | AA67: =+STFC!B66 -> 9182295 | AB67: =+STFC!C66 -> 4 | AC67: =+STFC!D66 -> SILVA ENCINA ANDREA PATRICIA
A68: =+COUNTIF(E68:AD68,"SI") -> 5 | B68: 10792320 | C68: 9 | D68: TORRES FUENTES CHRISTIAN GABRIEL | E68: SI | G68: 10792320 | H68: 9 | I68: TORRES FUENTES CHRISTIAN GABRIEL | J68: SI | L68: 10792320 | M68: 9 | N68: TORRES FUENTES CHRISTIAN GABRIEL | O68: SI | Q68: 10792320 | R68: 9 | S68: TORRES FUENTES CHRISTIAN GABRIEL | T68: SI | V68: 9182295 | W68: 4 | X68: SILVA ENCINA ANDREA PATRICIA | Y68: SI | AA68: =+STFC!B67 -> 19923469 | AB68: =+STFC!C67 -> 2 | AC68: =+STFC!D67 -> SILVA MUÑOZ CATALINA DEL PILAR
A69: =+COUNTIF(E69:Z69,"SI") -> 2 | B69: 19136729 | C69: 4 | D69: TORRES HOME RICARDO IGNACIO | E69: NO | G69: 19136729 | H69: 4 | I69: TORRES HOME RICARDO IGNACIO | J69: NO | L69: 19136729 | M69: 4 | N69: TORRES HOME RICARDO IGNACIO | O69: NO | Q69: 19136729 | R69: 4 | S69: TORRES HOME RICARDO IGNACIO | T69: SI | V69: 19136729 | W69: 4 | X69: TORRES HOME RICARDO IGNACIO | Y69: SI | AA69: =+STFC!B68 -> 17443988 | AB69: =+STFC!C68 -> 5 | AC69: =+STFC!D68 -> TOLEDO REYES IGNACIO BERNARDINO
A70: =+COUNTIF(E70:AD70,"SI") -> 5 | B70: 14285667 | C70: 0 | D70: VARGAS HERNANDEZ ROSA ESTER | E70: SI | G70: 14285667 | H70: 0 | I70: VARGAS HERNANDEZ ROSA ESTER | J70: SI | L70: 14285667 | M70: 0 | N70: VARGAS HERNANDEZ ROSA ESTER | O70: SI | Q70: 14285667 | R70: 0 | S70: VARGAS HERNANDEZ ROSA ESTER | T70: SI | V70: 19923469 | W70: 2 | X70: SILVA MUÑOZ CATALINA DEL PILAR | Y70: SI | AA70: =+STFC!B69 -> 10792320 | AB70: =+STFC!C69 -> 9 | AC70: =+STFC!D69 -> TORRES FUENTES CHRISTIAN GABRIEL
A71: =+COUNTIF(E71:AD71,"SI") -> 3 | B71: 21713706 | C71: 3 | D71: VERDUGO AMIGO CONSTANZA ANAIS | E71: NO | G71: 21713706 | H71: 3 | I71: VERDUGO AMIGO CONSTANZA ANAIS | J71: NO | L71: 21713706 | M71: 3 | N71: VERDUGO AMIGO CONSTANZA ANAIS | O71: SI | Q71: 21713706 | R71: 3 | S71: VERDUGO AMIGO CONSTANZA ANAIS | T71: SI | V71: 17443988 | W71: 5 | X71: TOLEDO REYES IGNACIO BERNARDINO | Y71: SI | AA71: =+STFC!B70 -> 14285667 | AB71: =+STFC!C70 -> 0 | AC71: =+STFC!D70 -> VARGAS HERNANDEZ ROSA ESTER
A72: =+COUNTIF(E72:AD72,"SI") -> 3 | B72: 17819820 | C72: 3 | D72: VILCHES MANCILLA JOCELINE DEL CARMEN | E72: SI | G72: 17819820 | H72: 3 | I72: VILCHES MANCILLA JOCELINE DEL CARMEN | J72: SI | L72: 17819820 | M72: 3 | N72: VILCHES MANCILLA JOCELINE DEL CARMEN | O72: NO | Q72: 17819820 | R72: 3 | S72: VILCHES MANCILLA JOCELINE DEL CARMEN | T72: SI | V72: 10792320 | W72: 9 | X72: TORRES FUENTES CHRISTIAN GABRIEL | Y72: NO | AA72: =+STFC!B71 -> 17819820 | AB72: =+STFC!C71 -> 3 | AC72: =+STFC!D71 -> VILCHES MANCILLA JOCELINE DEL CARMEN
A73: =+COUNTIF(E73:AD73,"SI") -> 1 | B73: 10692117 | C73: 2 | D73: YAÑEZ CONCHA ANIBAL RAMON | E73: SI | G73: 10692117 | H73: 2 | I73: YAÑEZ CONCHA ANIBAL RAMON | J73: NO | L73: 10692117 | M73: 2 | N73: YAÑEZ CONCHA ANIBAL RAMON | O73: NO | Q73: 10692117 | R73: 2 | S73: YAÑEZ CONCHA ANIBAL RAMON | T73: NO | V73: 14285667 | W73: 0 | X73: VARGAS HERNANDEZ ROSA ESTER | Y73: NO | AA73: =+STFC!B72 -> 20150547 | AB73: =+STFC!C72 -> K | AC73: =+STFC!D72 -> VILLEGAS DIAZ TRINIDAD CATALINA
A74: =+COUNTIF(E74:AD74,"SI") -> 4 | B74: 11560259 | C74: 4 | D74: ZAMORANO RAMIREZ GEORGINA ALEJANDRINA | E74: NO | G74: 11560259 | H74: 4 | I74: ZAMORANO RAMIREZ GEORGINA ALEJANDRINA | J74: SI | L74: 11560259 | M74: 4 | N74: ZAMORANO RAMIREZ GEORGINA ALEJANDRINA | O74: SI | Q74: 11560259 | R74: 4 | S74: ZAMORANO RAMIREZ GEORGINA ALEJANDRINA | T74: SI | V74: 21713706 | W74: 3 | X74: VERDUGO AMIGO CONSTANZA ANAIS | Y74: SI | AA74: =+STFC!B73 -> 10692117 | AB74: =+STFC!C73 -> 2 | AC74: =+STFC!D73 -> YAÑEZ CONCHA ANIBAL RAMON
AA75: =+STFC!B74 -> 27033023 | AB75: =+STFC!C74 -> 1 | AC75: =+STFC!D74 -> ZAMBRANO GALEANO FREDDY OMAR
A76: =+((E76+J76+O76+T76+Y76+AD78)/6) -> 30 | B76: =+E76/+COUNTA($I$3:$I$74) -> 0.375 | D76: ASISTEN A REUNION | E76: =+COUNTIF($E$3:$E$74,"SI") -> 27 | G76: =+J76/+COUNTA($I$3:$I$74) -> 0.43055556 | I76: ASISTEN A REUNION | J76: =+COUNTIF($J$3:$J$74,"SI") -> 31 | L76: =+O76/+COUNTA($I$3:$I$74) -> 0.29166667 | N76: ASISTEN A REUNION | O76: =+COUNTIF(O3:O74,"SI") -> 21 | Q76: =+T76/+COUNTA($I$3:$I$74) -> 0.75 | S76: APOYAN EL APAGON DIGITAL | T76: =+COUNTIF(T3:T74,"SI") -> 54 | V76: =+Y76/+COUNTA($I$3:$I$74) -> 0.65277778 | X76: ASISTEN A REUNION | Y76: =+COUNTIF(Y3:Y74,"SI") -> 47 | AA76: =+STFC!B75 -> 11560259 | AB76: =+STFC!C75 -> 4 | AC76: =+STFC!D75 -> ZAMORANO RAMIREZ GEORGINA ALEJANDRINA
A77: =+((E77+J77+O77+T77+Y77+AD79)/6) -> 28.5 | B77: =+E77/+COUNTA($I$3:$I$74) -> 0.58333333 | D77: FALTARON | E77: =+COUNTIF($E$3:$E$74,"NO") -> 42 | G77: =+J77/+COUNTA($I$3:$I$74) -> 0.52777778 | I77: FALTARON | J77: =+COUNTIF($J$3:$J$74,"NO") -> 38 | L77: =+O77/+COUNTA($I$3:$I$74) -> 0.66666667 | N77: FALTARON | O77: =+COUNTIF(O3:O74,"NO") -> 48 | Q77: =+T77/+COUNTA($I$3:$I$74) -> 0.25 | S77: FALTAN POR DESCONECTARSE | T77: =+COUNTIF(T3:T74,"NO") -> 18 | V77: =+Y77/+COUNTA($I$3:$I$74) -> 0.34722222 | X77: FALTARON | Y77: =+COUNTIF(Y3:Y74,"NO") -> 25
A78: =+(E78+J78+O78+T78+Y78+AD80)/6 -> 71.833333 | B78: =+E78/+COUNTA($I$3:$I$74) -> 1 | D78: TOTAL | E78: =+COUNTA(D3:D74) -> 72 | G78: =+J78/+COUNTA($I$3:$I$74) -> 1 | I78: TOTAL | J78: =+COUNTA(I3:I74) -> 72 | L78: =+O78/+COUNTA($I$3:$I$74) -> 1 | N78: TOTAL | O78: =+COUNTA(N3:N74) -> 72 | Q78: =+T78/+COUNTA($I$3:$I$74) -> 1 | S78: TOTAL | T78: =+COUNTA(S3:S74) -> 72 | V78: =+Y78/+COUNTA($I$3:$I$74) -> 1 | X78: TOTAL | Y78: =+COUNTA(X3:X74) -> 72 | AA78: =+AD78/+COUNTA($I$3:$I$74) -> 0 | AC78: ASISTEN A REUNION | AD78: =+COUNTIF(AD3:AD73,"SI") -> 0
AA79: =+AD79/+COUNTA($I$3:$I$74) -> 0 | AC79: FALTARON | AD79: =+COUNTIF(AD3:AD73,"NO") -> 0
AA80: =+AD80/+COUNTA($I$3:$I$74) -> 0.98611111 | AC80: TOTAL | AD80: =+COUNTA(AC3:AC73) -> 71

Sheet L
A1: GIFCARD SINDICATO NAVIDAD 2024
A2: Rut | B2: DV | C2: Nombre Completo Empleado | D2: FIRMA
A3: 13785813 | B3: 4 | C3: AGUILAR OYARZO LORETO SAN JUAN
A4: 17155397 | B4: 0 | C4: AGUILERA AGUILERA JEREMY ALEXSANDER
A5: 14399370 | B5: 1 | C5: APABLAZA RUZ MARIA XIMENA
A6: 17441446 | B6: 7 | C6: ARANIZ MARTINEZ DENISSE VANESSA
A7: 16858860 | B7: 7 | C7: ARAVENA VASQUEZ RITA NORMA
A8: 20178047 | B8: 0 | C8: BARRIOS REYES JOAQUIN FERNANDO
A9: 20122174 | B9: 9 | C9: BECERRA BECERRA KARIM CAMILA
A10: 18028807 | B10: 4 | C10: BERNAL BAHAMONDES LUIS FELIPE
A11: 20663038 | B11: 8 | C11: BRAVO ALISTE CONSTANZA SOLEDAD
A12: 17155794 | B12: 1 | C12: BRAVO MORALES JOSE LUIS
A13: 15850392 | B13: 1 | C13: BUENO CUETO RICARDO ANTONIO
A14: 21609803 | B14: K | C14: BUSTOS VARELA MARIA PAZ
A15: 19768878 | B15: 5 | C15: CABRERA LLEVENES ESCARLET BELEN
A16: 17592613 | B16: 5 | C16: CALIBAR JARA BARBARA CONSUELO
A17: 14051199 | B17: 4 | C17: CANALES JUICA CAROLINA ANDREA
A18: 20509166 | B18: 1 | C18: CARIAGA GAVILAN GENESIS ISAMAR
A19: 10658936 | B19: 4 | C19: CARRASCO RAMIREZ MARISOL DEL CARMEN
A20: 19610872 | B20: 6 | C20: CELEDON MARDONEZ NATALIA NOEMI
A21: 19998291 | B21: 5 | C21: CONTRERAS ALVAREZ ALEXIA FABIOLA
A22: 10228847 | B22: 5 | C22: CONTRERAS CASTRO JAQUELINE DEL CARMEN
A23: 14499879 | B23: 0 | C23: CONTRERAS PEREDO PURISIMA DE LAS MERC
A24: 17980549 | B24: 9 | C24: CORNEJO SAAVEDRA KAROL NIDIA
A25: 15138844 | B25: 2 | C25: DIAZ DIAZ MARIA JOSE
A26: 21478843 | B26: 8 | C26: DIAZ SEPULVEDA LEONOR MACKARENA
... A34: 17374147 | B34: 2 | C34: GATICA CORNEJO JORDAN ALAN
A35: 13352679 | B35: K | C35: GAVILAN ROJAS ISABEL DEL CARMEN
A36: 17795856 | B36: 5 | C36: GONZALEZ SILVA ABRAHAM ELIAS
A37: 17214601 | B37: 5 | C37: GONZALEZ ULLOA VALESCA ALEJANDRA
A38: 18577117 | B38: 2 | C38: HERRERA NAVARRO CONSTANZA NICOLE
A39: 15850696 | B39: 3 | C39: HERRERA OLIVOS ANGELO ENRIQUE
A40: 9503353 | B40: 9 | C40: IBARRA CONCHA TATIANA ISABEL
A41: 21284551 | B41: 5 | C41: LEIVA DIAZ LUIS FELIPE
A42: 18349995 | B42: 5 | C42: LOPEZ AVILES ROMINA ANDREA
A43: 14285611 | B43: 5 | C43: LUEIZA GONZALEZ ELISA NATALIA
A44: 14506328 | B44: 0 | C44: LUNA LUNA EDITH DE LAS MERCEDE
A45: 9390703 | B45: 5 | C45: MANZO VERGARA CECILIA DEL CARMEN
A46: 16023715 | B46: 5 | C46: MEDINA FARIAS INGRID SOLEDAD
A47: 17882371 | B47: K | C47: MUÑOZ ALARCON MARIA LUISA
A48: 11558724 | B48: 2 | C48: MUÑOZ DIEDRICHS MIRIAM DEL CARMEN
A49: 12371390 | B49: 7 | C49: NUÑEZ GUTIERREZ BERNARDITA
A50: 15946978 | B50: 6 | C50: OSORIO TAPIA CAROLINA CONSTANZA
A51: 19699295 | B51: 2 | C51: PARRA QUIROZ VALESKA CLAUDIA
A52: 17182108 | B52: 8 | C52: PERALTA ESPINOZA ANTONIO SEGUNDO
A53: 18282236 | B53: 1 | C53: PEREDO HERNANDEZ JAIME ANDRES
A54: 25735658 | B54: 2 | C54: PIMENTEL DE MONTOYA NICMARY LOREN
A55: 18577213 | B55: 6 | C55: PLAZA SILVA TAMARA BELEN
A56: 9771330 | B56: 8 | C56: QUIJADA MARTINEZ ROXANA PAOLA
A57: 21764650 | B57: 2 | C57: RODRIGUEZ TORRES MATIAS ANDRES
A58: 13266064 | B58: 6 | C58: REVECO DIAZ CAROLINA JONDYS
A59: 12775545 | B59: 0 | C59: REYES ARAVENA RIGOBERTO ESTEBAN
... A72: 17819820 | B72: 3 | C72: VILCHES MANCILLA JOCELINE DEL CARMEN
A73: 20150547 | B73: K | C73: VILLEGAS DIAZ TRINIDAD CATALINA
A74: 10692117 | B74: 2 | C74: YAÑEZ CONCHA ANIBAL RAMON
A75: 27033023 | B75: 1 | C75: ZAMBRANO GALEANO FREDDY OMAR
A76: 11560259 | B76: 4 | C76: ZAMORANO RAMIREZ GEORGINA ALEJANDRINA
